"Key No.","Property Type","Acquired","Total Mgt. Expenses","Closed","Sale Price "
310473000,"Single Family","2016-01-04",1965.97,"2016-08-18",15000
340672000,"Condominium","2015-07-13",1312.59,"2016-03-15",1000
341040000,"Condominium","2015-11-16",1557.17,"2016-06-01",3525
341062000,"Condominium","2016-06-13",1713.39,"2016-12-21",10076
341090000,"Condominium","2016-01-04",2684.59,"2016-10-27",1000
341113000,"Condominium","2015-06-08",1935.08,"2016-02-11",5820
430189000,"Condominium","2015-09-14",3938.03,"2016-05-03",16000
830262000,"Condominium","2014-11-11",3142.35,"2016-01-21",10568
830388000,"Condominium","2015-11-16",1185.54,"2016-04-07",15169
1210166100,"Condominium","2015-11-16",3997.17,"2016-08-30",18000
1239898100,"Single Family","2015-07-13",380.46,"2016-04-13",7500
1379916200,"Single Family","2016-01-04",943.97,"2016-07-19",1000
1391392000,"Single Family","2015-07-13",810.03,"2016-05-26",32000
1420171000,"Single Family","2016-06-13",1163.94,"2016-11-30",50000
1580196000,"Single Family","2015-11-16",252.29,"2016-06-09",5000
1580421000,"Single Family","2015-07-13",1261.96,"2016-06-01",22500
1690014110,"Single Family","2016-01-04",396.53,"2016-08-23",1000
1700410000,"Single Family","2016-01-04",1033.93,"2016-08-31",5000
1709928100,"Single Family","2015-06-08",863.6,"2016-03-01",16300
1709947100,"Single Family","2015-11-16",615.1,"2016-08-16",3000
1709956100,"Single Family","2015-07-13",1420.22,"2016-03-10",3800
1710337000,"Duplex","2015-07-13",3262.69,"2016-04-26",1000
1710556000,"Single Family","2015-11-16",5736.02,"2016-12-07",5000
1719725000,"Single Family","2015-06-08",1061.41,"2016-06-14",8900
1719795200,"Single Family","2015-07-13",778.97,"2016-06-22",20775
1719901000,"Single Family","2016-01-04",150.3,"2016-08-03",6308
1719991000,"Duplex","2013-08-16",841.85,"2016-06-08",5000
1730142000,"Single Family","2015-09-14",97.44,"2016-07-28",5000
1730159000,"Single Family","2016-01-04",67.41,"2016-03-31",1000
1740344000,"Duplex","2015-07-13",1762.97,"2016-04-28",7500
1740397000,"Duplex","2015-09-14",2016.57,"2016-06-14",1000
1740561000,"Duplex","2016-06-13",891.54,"2016-11-09",11105
1750802000,"Duplex","2015-07-13",270.72,"2016-03-17",25000
1750861200,"Single Family","2015-06-08",2319.25,"2016-06-09",1000
1840001000,"Single Family","2015-11-16",728.44,"2016-05-11",20077
1840016000,"Single Family","2015-09-14",4064.82,"2016-03-23",20250
1870319000,"Duplex","2014-07-14",9092.89,"2016-02-16",27500
1870713110,"Duplex","2015-11-16",216.04,"2016-11-10",5007
1880125000,"Single Family","2015-11-16",1588.97,"2016-04-12",14500
1880722000,"Single Family","2015-01-05",1196.86,"2016-09-27",1
1890138113,"Single Family","2016-01-04",1571.38,"2016-07-28",25000
1909686000,"Single Family","2015-11-16",266.13,"2016-06-16",5000
1909987000,"Single Family","2012-12-17",6953.54,"2016-02-11",18600
1910105000,"Single Family","2015-11-16",230.18,"2016-09-07",5100
1910312000,"Single Family","2016-01-04",203.39,"2016-09-07",12150
1910618000,"Single Family","2015-11-16",833.2,"2016-04-20",4000
1919786000,"Single Family","2016-01-04",400.05,"2016-11-21",6750
1920170000,"Single Family","2014-11-11",4297.64,"2016-04-05",2500
1920332000,"Single Family","2015-09-14",329.39,"2016-04-12",2500
1920353000,"Single Family","2015-11-16",659.93,"2016-06-21",4000
1920518000,"Single Family","2016-01-04",1275.72,"2016-07-26",2500
1921136000,"Single Family","2015-09-14",501.79,"2016-04-14",3200
1921205000,"Single Family","2015-09-14",331.51,"2016-04-20",12750
1921269000,"Single Family","2016-01-04",981.06,"2016-08-04",19500
1930425000,"Single Family","2015-07-13",3083.65,"2016-04-13",5000
1930804000,"Single Family","2012-12-17",5711.15,"2016-02-03",11500
1940533000,"Single Family","2015-11-16",2717.56,"2016-10-19",3500
1950023000,"Single Family","2016-06-13",316.7,"2016-12-08",14625
1950306000,"Single Family","2015-06-08",2452.97,"2016-04-28",14550
2050175000,"Single Family","2015-11-16",2008.2,"2016-06-01",2500
2050478000,"Single Family","2015-07-13",1933.05,"2016-02-11",10000
2060183000,"Single Family","2015-06-08",334,"2016-01-13",5000
2060874000,"Single Family","2012-12-17",20280.84,"2016-08-31",1000
2070165000,"Single Family","2016-01-04",261.35,"2016-10-13",6000
2080412000,"Single Family","2015-09-14",1672.45,"2016-05-12",5000
2080595000,"Day Care Center","2014-11-11",1683.87,"2016-01-27",4000
2080716000,"Duplex","2015-09-14",567.82,"2016-03-22",20300
2080860000,"Single Family","2015-09-14",414.24,"2016-10-27",6000
2080877000,"Duplex","2015-06-08",893.83,"2016-04-13",5000
2080880000,"Single Family","2016-01-04",4095.25,"2016-11-23",5000
2081039000,"Single Family","2016-01-04",5738.41,"2016-10-20",36000
2081053000,"Single Family","2016-01-04",138.15,"2016-08-04",2500
2081099000,"Single Family","2015-09-14",186.24,"2016-09-22",5000
2081111000,"Single Family","2013-08-16",619.19,"2016-01-13",2500
2081432000,"Duplex","2016-06-13",511.67,"2016-12-07",5000
2090116000,"Single Family","2015-07-13",160.2,"2016-10-04",3000
2090206000,"Duplex","2015-07-13",504.24,"2016-04-13",5000
2090380000,"Duplex","2015-07-13",585.84,"2016-02-02",17625
2090745000,"Single Family","2012-10-08",6794.85,"2016-05-12",5000
2100120000,"Single Family","2016-01-04",677.86,"2016-08-16",13620
2100241200,"Single Family","2015-07-13",226.01,"2016-10-21",14250
2100297000,"Single Family","2014-06-02",15902.23,"2016-01-13",5000
2100707000,"Single Family","2014-09-15",3465.86,"2016-11-22",11250
2101233000,"Single Family","2016-01-04",837.42,"2016-08-31",5000
2110178100,"Single Family","2014-06-02",1743.68,"2016-07-14",13500
2110527000,"Single Family","2016-01-04",2183.89,"2016-07-26",33000
2110650000,"Single Family","2011-02-14",2010.94,"2016-03-10",20475
2111058000,"Single Family","2015-07-13",3062.46,"2016-04-26",27000
2120139000,"Single Family","2015-09-14",539.36,"2016-04-14",15750
2130407000,"Single Family","2016-01-04",3550.6,"2016-11-01",24500
2130415000,"Single Family","2015-11-16",332.1,"2016-04-13",25000
2230727000,"Single Family","2014-09-15",1372.6,"2016-01-08",1
2240380000,"Single Family","2016-01-04",2283.72,"2016-09-22",40000
2240647000,"Single Family","2009-07-20",5529.39,"2016-02-09",1
2260977000,"Single Family","2015-09-14",2273.8,"2016-11-15",16500
2261128000,"Single Family","2015-09-14",230.91,"2016-01-28",1000
2270592000,"Single Family","2014-11-11",3174.23,"2016-10-13",45000
2271009000,"Duplex","2012-12-17",6977.86,"2016-02-09",1
2281314000,"Duplex","2015-07-13",1933.17,"2016-04-13",5000
2290104000,"Duplex","2015-11-16",1669.09,"2016-06-21",5000
2290525000,"Single Family","2016-01-04",3146.59,"2016-11-23",5000
2290956000,"Single Family","2016-01-04",5175.1,"2016-09-21",3750
2290974000,"Duplex","2015-07-13",1308.84,"2016-07-12",9000
2291120000,"Single Family","2016-01-04",1923.57,"2016-09-01",5000
2291151000,"Multi-Family","2014-11-11",2249.12,"2016-09-22",5000
2299799000,"Single Family","2015-11-16",700.66,"2016-07-12",2500
2300113000,"Single Family","2015-07-13",411.4,"2016-08-09",7500
2300448000,"Duplex","2015-06-08",1695.9,"2016-10-11",1000
2300676000,"Duplex","2016-01-04",104.85,"2016-08-23",2500
2310228000,"Single Family","2015-06-08",1809.6,"2016-02-24",3800
2310426000,"Single Family","2015-11-16",2806.24,"2016-09-28",27000
2310589000,"Single Family","2015-09-14",279.61,"2016-04-12",11275
2310605000,"Single Family","2016-06-13",152.16,"2016-12-08",1000
2310706000,"Duplex","2016-01-04",350.04,"2016-08-31",5000
2310810000,"Single Family","2017-07-25",85.74,"2016-01-18",3300
2311033000,"Single Family","2015-11-16",687.29,"2016-06-30",14400
2320242000,"Single Family","2016-01-04",674.15,"2016-08-30",15500
2320521000,"Single Family","2015-11-16",1910.55,"2016-05-18",12000
2320832000,"Single Family","2015-09-14",2792.18,"2016-04-26",1000
2430254000,"Single Family","2016-07-11",1768.32,"2016-12-15",7500
2430819000,"Duplex","2015-01-05",1280.87,"2016-07-26",20000
2440133000,"Duplex","2016-01-04",2811.2,"2016-07-07",33306
2440363000,"Duplex","2015-06-08",1962.29,"2016-02-16",8625
2440364000,"Duplex","2015-07-13",2291.66,"2016-09-22",5000
2440461000,"Single Family","2015-09-14",1434.37,"2016-12-20",21100
2440628000,"Duplex","2015-09-14",190.55,"2016-10-18",5000
2440651000,"Single Family","2015-11-16",1290.1,"2016-05-04",1
2441209000,"Single Family","2015-11-16",789.3,"2016-11-22",21000
2449956000,"Duplex","2015-07-13",3225.5,"2016-11-23",15000
2450001000,"Duplex","2015-09-14",63.73,"2016-05-19",4500
2450403000,"Single Family","2015-06-08",547.55,"2016-01-13",5000
2450507000,"Single Family","2016-01-04",1717.24,"2016-11-23",5000
2451108000,"Duplex","2015-06-08",2063.87,"2016-09-13",25000
2451117000,"Single Family","2015-09-14",1013.9,"2016-06-02",5000
2451518000,"Single Family","2015-11-16",966.7,"2016-07-28",1000
2451716000,"Duplex","2016-06-13",2032.58,"2016-11-15",16500
2459994000,"Duplex","2015-09-14",1232.78,"2016-05-19",3750
2460104000,"Single Family","2015-07-13",1614.27,"2016-03-03",5000
2470317000,"Single Family","2013-08-16",1396.8,"2016-06-29",7125
2470558000,"Single Family","2015-07-13",1859.12,"2016-02-16",1000
2470603000,"Single Family","2016-01-04",799.96,"2016-08-11",11000
2470701000,"Single Family","2016-01-04",661.72,"2016-08-23",5550
2470951000,"Single Family","2014-09-15",2884.86,"2016-06-02",5000
2470963000,"Single Family","2014-11-11",7317.81,"2016-09-01",5000
2479781000,"Single Family","2016-01-04",870.34,"2016-09-15",7725
2479796000,"Single Family","2015-07-13",1339,"2016-05-17",20000
2479876000,"Single Family","2015-06-08",797.34,"2016-09-01",5000
2479887000,"Single Family","2015-07-13",1023.84,"2016-06-24",5000
2480076000,"Single Family","2015-11-16",690.77,"2016-06-15",5000
2480078000,"Single Family","2015-06-08",341.97,"2016-01-13",5000
2480400000,"Single Family","2015-06-08",340.34,"2016-02-11",15000
2490733000,"Single Family","2016-01-04",447.52,"2016-09-29",18750
2540682000,"Restaurant","2013-12-02",4115.28,"2016-04-14",60000
2640837000,"Single Family","2013-08-16",8088.93,"2016-05-04",18500
2660372000,"Duplex","2016-01-04",823.87,"2016-08-16",65000
2670499000,"Church","2011-11-14",3100.33,"2016-07-08",7500
2670776000,"Single Family","2015-09-14",3016.72,"2016-03-22",7500
2680707000,"Single Family","2015-11-16",387.71,"2016-03-10",15917
2681233000,"Single Family","2015-11-16",527.59,"2016-07-28",5000
2681613000,"Single Family","2015-06-08",221.6,"2016-03-08",1000
2690017000,"Single Family","2016-01-04",205.75,"2016-08-23",6007
2690135000,"Single Family","2014-09-15",203.29,"2016-10-25",1
2690212000,"Single Family","2012-12-17",1833.26,"2016-10-25",1
2690412000,"Single Family","2012-12-17",3521.48,"2016-02-25",1
2700148000,"Duplex","2014-06-02",17976.46,"2016-08-18",20000
2700505000,"Duplex","2016-01-04",3832.78,"2016-09-13",5000
2700975000,"Duplex","2015-07-13",1959.57,"2016-10-05",3000
2701114110,"Single Family","2014-11-11",3631.62,"2016-06-21",5000
2701119000,"Multi-Family","2015-07-13",1630.74,"2016-03-03",4500
2701160000,"Single Family","2013-10-14",535.49,"2016-02-03",2500
2701173000,"Single Family","2015-11-16",3116.85,"2016-11-16",4580
2701616000,"Duplex","2015-06-08",3540.82,"2016-03-03",9450
2701735000,"Single Family","2015-11-16",1501.69,"2016-06-02",11300
2701869000,"Single Family","2015-07-13",847.53,"2016-07-13",5000
2701884000,"Single Family","2015-09-14",2951.72,"2016-08-16",3001
2702017000,"Single Family","2016-01-04",1754.9,"2016-10-11",3600
2710477000,"Duplex","2016-01-04",3804.21,"2016-09-29",7350
2710613000,"Duplex","2016-06-13",1707.58,"2016-12-08",9375
2710638000,"Single Family","2015-06-08",1106.7,"2016-08-23",2600
2710643000,"Duplex","2015-07-13",155.65,"2016-06-30",2500
2710902000,"Single Family","2015-06-08",508.88,"2016-05-17",3000
2710908000,"Duplex","2015-11-16",1835.27,"2016-06-16",3000
2711339000,"Duplex","2014-07-14",3462.18,"2016-01-12",3840
2711345000,"Duplex","2014-06-02",1013.45,"2016-06-23",2500
2712306000,"Single Family","2015-06-08",535.68,"2016-06-16",2500
2712514000,"Duplex","2015-11-16",1619.47,"2016-05-26",5100
2712601000,"Single Family","2015-06-08",3343.25,"2016-06-08",8750
2720011000,"Duplex","2016-01-04",2198.89,"2016-08-30",17500
2720056000,"Duplex","2015-01-05",4103.72,"2016-06-29",2500
2720333000,"Single Family","2015-06-08",7482.16,"2016-11-09",6800
2720823100,"Single Family","2015-06-08",11450.83,"2016-04-22",4000
2720824000,"Duplex","2012-10-08",4451.98,"2016-07-28",5000
2721719000,"Single Family","2013-10-14",1492.71,"2016-04-26",1000
2722107000,"Duplex","2015-11-16",743.98,"2016-07-07",2800
2722210000,"Tavern","2009-07-20",313.87,"2016-04-29",7500
2722320100,"Single Family - 2","2015-06-08",2970.51,"2016-12-14",5000
2722426000,"Single Family","2015-07-13",1895.23,"2016-03-03",3000
2722704000,"Duplex","2015-01-05",1659.49,"2016-11-09",1000
2722706000,"Single Family","2015-07-13",1496.42,"2016-09-08",3000
2722742000,"Single Family","2015-07-13",1077.1,"2016-02-23",6278
2722765000,"Single Family","2015-07-13",317.16,"2016-12-21",2500
2730625000,"Single Family","2015-07-13",312.93,"2016-03-16",2500
2730634100,"Duplex","2015-06-08",2960.8,"2016-02-02",5600
2730908000,"Duplex","2015-07-13",1460.33,"2016-02-16",3000
2731114000,"Duplex","2014-11-11",688.72,"2016-12-07",2500
2731702000,"Single Family","2014-09-15",943.42,"2016-08-24",1
2731918000,"Single Family","2016-06-13",955.54,"2016-11-22",8500
2810616000,"Duplex","2015-09-14",2336.22,"2016-05-05",5600
2811110000,"Duplex","2015-07-13",6606.54,"2016-11-02",1
2811516100,"Duplex","2016-01-04",224.09,"2016-09-27",2500
2812403100,"Single Family","2012-07-09",13871.47,"2016-12-21",3750
2820012000,"Single Family","2014-09-15",2477.06,"2016-08-24",1
2820211000,"Single Family","2015-06-08",5631.02,"2016-06-07",9000
2820309000,"Duplex","2013-08-16",10821.11,"2016-08-24",1
2820356000,"Single Family - 2","2016-01-04",1501.73,"2016-09-20",7500
2820369000,"Duplex","2014-07-14",1222.75,"2016-08-24",1
2820911000,"Duplex","2011-09-16",1839.84,"2016-06-14",1000
2822418000,"Duplex & Single Family","2015-06-08",4337.2,"2016-05-03",5100
2822424000,"Single Family","2015-06-08",1103.99,"2016-02-04",1000
2829965000,"Duplex","2015-07-13",461.48,"2016-10-20",2700
2830126000,"Single Family","2016-06-13",1975.51,"2016-12-14",3400
2830184100,"Single Family","2012-12-17",2116.82,"2016-01-13",5000
2830238100,"Duplex","2015-07-13",1721.45,"2016-10-27",7800
2830476000,"Duplex","2015-01-05",436.66,"2016-05-17",2900
2830653000,"Duplex","2015-07-13",3102.21,"2016-03-08",3000
2830668000,"Single Family","2015-06-08",1672.16,"2016-08-16",3500
2831284000,"Single Family","2015-09-14",1383.56,"2016-07-20",6000
2840228000,"Duplex","2016-01-04",2862.79,"2016-09-20",3750
2840735000,"Duplex","2015-07-13",985.67,"2016-01-07",3920
2841028000,"Single Family","2013-12-02",485.21,"2016-12-14",3000
2841050000,"Duplex","2015-09-14",1357.75,"2016-04-20",2500
2841518000,"Single Family","2015-09-14",740.1,"2016-03-10",3900
2841706000,"Single Family","2014-07-07",4828.03,"2016-01-13",5000
2850130000,"Single Family","2015-06-08",190.18,"2016-01-12",3525
2850327000,"Duplex","2015-07-13",3728.68,"2016-11-22",3800
2850445000,"Single Family","2013-12-02",2677.3,"2016-05-04",5850
2850633110,"Single Family","2015-07-13",1698.68,"2016-04-21",5625
2850714000,"Single Family","2015-09-14",2633.91,"2016-03-30",3000
2850753000,"Single Family","2015-07-13",757.13,"2016-05-10",5625
2850869000,"Duplex","2012-10-08",5908.4,"2016-04-07",6000
2850882100,"Duplex","2012-07-09",1854.07,"2016-02-02",2500
2851229000,"Duplex","2014-07-14",587.06,"2016-02-02",3750
2851247000,"Single Family","2012-12-17",1358.47,"2016-12-21",2500
2852137000,"Duplex","2015-11-16",1525.32,"2016-07-14",3000
2860231000,"Duplex","2015-09-14",1058.55,"2016-03-29",2500
2860248000,"Single Family","2012-07-09",8218.66,"2016-12-14",8475
2860608000,"Single Family","2015-01-05",2751.44,"2016-12-14",3000
2860650000,"Single Family","2015-07-13",8704.02,"2016-07-26",8100
2860702000,"Single Family","2013-10-14",2814.81,"2016-01-27",1
2860910000,"Duplex","2015-11-16",1989.64,"2016-05-24",5100
2860930000,"Duplex","2016-01-04",679.47,"2016-08-31",5000
2861061000,"Single Family","2015-11-16",1617.23,"2016-12-21",3000
2861088000,"Single Family","2015-09-14",712.64,"2016-07-20",7200
2861095000,"Duplex","2015-06-08",302.97,"2016-01-07",2500
2870055000,"Duplex","2016-01-04",2577.41,"2016-06-30",1000
2870080000,"Duplex","2015-07-13",176.93,"2016-06-02",3750
2870735000,"Single Family","2016-01-04",135.83,"2016-08-11",4100
2871174000,"Single Family","2016-01-04",2065.67,"2016-09-22",5000
2880058000,"Duplex","2014-07-14",1421.96,"2016-02-03",20000
2880392000,"Single Family","2014-09-15",2886.66,"2016-09-13",1
2880692000,"Duplex","2015-06-08",1345.48,"2016-08-04",30000
2890190000,"Duplex","2015-09-14",2134.12,"2016-03-22",70700
2890370000,"Retail/Residential","2009-07-20",3906.13,"2016-07-20",15000
2890521000,"Single Family","2015-11-16",2096.26,"2016-07-01",42000
2890579000,"Single Family","2015-11-16",909.88,"2016-05-12",1000
3020883000,"Single Family","2016-01-04",6866.56,"2016-07-26",36000
3059990000,"Office/Apartments","2010-07-26",3691.04,"2016-07-11",15000
3060529000,"Duplex","2015-11-16",1402.35,"2016-06-28",12000
3060555000,"Single Family","2013-08-16",10796.43,"2016-03-10",1000
3060833000,"Single Family","2015-09-14",1023.95,"2016-06-14",26250
3061112000,"Duplex","2015-11-16",827.1,"2016-08-03",13350
3061173000,"Single Family","2014-06-02",2873.82,"2016-06-15",1000
3061389000,"Duplex & Single Family","2010-07-26",14825.28,"2016-03-03",1
3070059000,"Duplex","2015-09-14",3501.61,"2016-07-06",20000
3070398000,"Single Family","2015-06-08",335.15,"2016-02-24",1000
3070648000,"Duplex","2016-06-13",590.93,"2016-12-15",28000
3070662000,"Single Family","2016-01-04",1069.99,"2016-07-26",21000
3070677000,"Duplex","2015-11-16",2001.26,"2016-05-24",8000
3071155000,"Duplex","2015-11-16",4372.06,"2016-06-07",3800
3071168000,"Single Family","2016-01-04",154.1,"2016-11-29",14000
3071204000,"Duplex","2015-09-14",1867.71,"2016-06-16",4600
3080029000,"Duplex","2013-08-16",1334.99,"2016-11-09",7500
3080041000,"Duplex","2014-09-15",1342.07,"2016-12-15",3800
3080327000,"Single Family","2016-01-04",1189.34,"2016-10-05",11000
3080398000,"Duplex","2015-11-16",2625.45,"2016-11-02",2500
3080767000,"Single Family","2015-06-08",1115.72,"2016-01-28",1000
3080772000,"Single Family","2015-09-14",1135.84,"2016-05-12",4000
3080777000,"Duplex","2014-06-02",3582.94,"2016-02-02",3000
3080816000,"Duplex","2016-01-04",2389.97,"2016-07-12",15000
3080817000,"Single Family","2015-07-13",427.65,"2016-08-25",2500
3080846000,"Duplex","2016-06-13",3731.86,"2016-11-15",12000
3080882000,"Single Family","2015-07-13",1703.21,"2016-06-02",5000
3080916000,"Duplex","2015-09-14",929.79,"2016-05-18",7500
3080921000,"Single Family","2015-06-08",635.19,"2016-02-04",3750
3080933000,"Single Family","2016-01-04",1371.37,"2016-12-28",2500
3080991000,"Single Family","2015-07-13",1200.73,"2016-09-01",5000
3090172000,"Single Family","2012-10-08",1964.57,"2016-12-21",2500
3090206000,"Single Family","2009-07-20",2843.57,"2016-07-07",1000
3090377000,"Single Family","2012-07-09",6258.18,"2016-04-19",1000
3090618000,"Single Family","2013-08-16",3817.18,"2016-04-27",2625
3090651000,"Duplex","2013-12-02",1792.41,"2016-11-23",5000
3090834000,"Duplex","2014-09-15",4011.24,"2016-07-28",5000
3100436100,"Duplex","2014-11-11",1839.62,"2016-02-25",1000
3100537000,"Duplex","2013-12-02",4527.5,"2016-01-26",1
3100577000,"Single Family","2015-07-13",1383.23,"2016-09-22",5000
3100882000,"Single Family","2015-07-13",6238.74,"2016-09-29",4100
3101006000,"Single Family","2011-09-16",15844.98,"2016-03-17",2500
3101310000,"Single Family","2015-07-13",2739.37,"2016-10-27",3500
3101510000,"Single Family","2015-09-14",3283.72,"2016-09-22",2500
3102006000,"Duplex","2015-11-16",2556.37,"2016-06-15",5000
3102315000,"Single Family","2013-12-02",1484.68,"2016-12-21",2600
3109951000,"Single Family","2015-09-14",5821.35,"2016-06-23",2500
3111272100,"Duplex","2016-01-04",4878.59,"2016-08-30",6000
3111341000,"Duplex","2015-09-14",867.19,"2016-07-28",3150
3111390000,"Duplex","2015-09-14",8809.04,"2016-11-17",2925
3111614000,"Single Family","2015-07-13",463.86,"2016-03-23",3000
3111818100,"Duplex","2015-11-16",1901.94,"2016-06-09",4000
3112026000,"Duplex","2016-01-04",1655.97,"2016-10-13",2625
3112045000,"Single Family","2015-09-14",699.13,"2016-04-28",3000
3113004000,"Duplex","2015-11-16",5253.48,"2016-06-15",3000
3121018000,"Single Family","2015-07-13",556.53,"2016-05-04",2800
3122513100,"Duplex","2014-11-11",2058.17,"2016-05-04",2475
3130818000,"Duplex","2016-01-04",1604.69,"2016-12-28",2500
3131632000,"Duplex","2015-11-16",1422.7,"2016-06-02",6500
3131640000,"Duplex","2013-12-02",9190.3,"2016-08-03",2500
3132342000,"Restaurant","2014-06-02",3826.2,"2016-08-19",100000
3140016000,"Single Family","2015-09-14",2690.81,"2016-04-19",7000
3140664100,"Single Family","2016-01-04",1173.23,"2016-08-31",6800
3141169000,"Duplex","2015-07-13",1088.64,"2016-03-03",4600
3141175000,"Single Family","2014-07-14",1476.32,"2016-01-07",3501
3210213000,"Single Family","2016-06-13",288.11,"2016-12-14",73100
3211578100,"Duplex & Single Family - 2","2016-01-04",729.43,"2016-12-08",22425
3211585000,"Single Family","2012-10-08",2012.74,"2016-02-24",8500
3220232100,"Duplex","2014-09-15",1718.91,"2016-03-31",13125
3220247000,"Duplex","2016-06-13",939.13,"2016-12-21",56239
3220470000,"Single Family","2015-11-16",1795.01,"2016-07-28",5000
3220537000,"Duplex","2012-07-09",4956.04,"2016-07-06",17201
3220609000,"Multi-Family","2013-12-02",975.23,"2016-05-04",1875
3220926100,"Single Family","2015-06-08",1048.2,"2016-01-26",3000
3221079100,"Duplex","2015-07-13",593.04,"2016-03-23",4000
3231259110,"Duplex","2016-01-04",724,"2016-10-27",2500
3240636000,"Duplex","2015-07-13",4482.93,"2016-07-20",6750
3240929000,"Single Family","2015-11-16",1376.38,"2016-12-14",3750
3240941000,"Single Family","2015-09-14",70.39,"2016-12-21",2500
3241085000,"Duplex","2015-06-08",1687.57,"2016-05-04",3750
3241530000,"Duplex","2015-11-16",2000.02,"2016-08-31",5000
3241606000,"Duplex","2015-01-05",3192.12,"2016-03-09",6750
3242104000,"Single Family","2015-01-05",2564.69,"2016-06-14",2250
3242126000,"Duplex","2016-06-13",733.71,"2016-11-16",3500
3250422000,"Duplex","2015-07-13",883.47,"2016-02-23",3000
3250743000,"Duplex","2015-07-13",1194.41,"2016-05-10",3000
3251004000,"Com/Res","2015-01-05",309.44,"2016-06-28",5000
3251069000,"Single Family","2016-01-04",2526.83,"2016-10-20",5440
3251356000,"Single Family","2015-09-14",435.35,"2016-05-26",3750
3260018000,"Single Family","2015-09-14",2041.29,"2016-11-22",3000
3260142000,"Single Family","2015-06-08",272.41,"2016-12-13",2500
3260170000,"Duplex","2016-01-04",2629.52,"2016-08-30",6151
3260411100,"Duplex","2015-06-08",957.31,"2016-02-23",2775
3261262000,"Single Family","2015-07-13",689.37,"2016-01-20",3000
3261450000,"Duplex","2015-09-14",1207.84,"2016-06-09",1000
3261477100,"Duplex","2016-01-04",1395.14,"2016-09-28",7125
3270513000,"Single Family","2014-07-14",1376.73,"2016-12-27",32000
3270526000,"Duplex","2015-07-13",2688.72,"2016-11-23",3200
3271255000,"Church","2014-06-02",775.17,"2016-06-30",5000
3271393000,"Single Family","2015-07-13",863.57,"2016-03-01",13000
3280320000,"Duplex","2015-07-13",1724.52,"2016-07-28",1000
3280770000,"Duplex","2014-11-11",1106.25,"2016-06-16",5000
3280778000,"Duplex","2015-07-13",639.63,"2016-01-27",10500
3280789000,"Duplex","2016-01-04",853.67,"2016-08-03",6075
3281210000,"Commercial","2011-06-29",21869.25,"2016-04-28",30000
3281286000,"Duplex","2014-06-02",6439.22,"2016-03-02",1
3281416000,"Duplex","2015-09-14",198.61,"2016-02-03",9000
3281609000,"Single Family","2015-06-08",1629.25,"2016-06-08",5000
3282011000,"Duplex","2015-07-13",1711.76,"2016-06-09",5000
3282014000,"Duplex","2015-06-08",471.94,"2016-09-15",7500
3290017000,"Duplex","2015-06-08",4109.76,"2016-09-21",22000
3290341000,"Single Family","2015-07-13",369.91,"2016-06-08",5000
3291423000,"Com/Res","2014-11-11",1687.59,"2016-11-10",30000
3291867000,"Single Family","2015-06-08",350.59,"2016-10-13",5000
3460121000,"Single Family","2015-11-16",728.22,"2016-05-10",89945
3470389000,"Single Family","2015-09-14",1918.71,"2016-04-12",3000
3471010000,"Single Family","2015-06-08",1665.46,"2016-09-07",13200
3480462000,"Duplex","2015-01-05",5662.46,"2016-09-27",5000
3480537000,"Duplex","2015-11-16",905.02,"2016-06-02",4000
3480587000,"Duplex","2015-06-08",204.66,"2016-02-09",1000
3480714000,"Duplex","2014-11-11",2176.95,"2016-07-12",2500
3480732000,"Duplex","2015-07-13",884.96,"2016-09-21",2500
3481073000,"Single Family","2015-09-14",159.66,"2016-02-09",1000
3481085000,"Single Family","2015-06-08",1098.54,"2016-02-09",1000
3481422000,"Duplex","2013-12-02",302.08,"2016-07-06",2500
3481430000,"Single Family","2012-10-08",14620.92,"2016-08-10",6000
3490282100,"Duplex","2015-07-13",986.37,"2016-04-26",2500
3490355100,"Single Family","2015-06-08",73.76,"2016-02-09",1000
3491158000,"Duplex","2016-01-04",1031.95,"2016-08-18",16100
3491539000,"Duplex","2015-07-13",1162.09,"2016-05-17",3000
3491567000,"Single Family","2015-06-08",157.16,"2016-02-09",1000
3491737000,"Multi-Family","2015-07-13",878.46,"2016-04-14",12500
3491742000,"Single Family","2016-01-04",3348.39,"2016-11-03",5000
3500209100,"Single Family","2015-07-13",399.22,"2016-02-16",3001
3500967000,"Single Family","2015-01-05",1739.24,"2016-10-26",10000
3501323000,"Plumbing/Heating Contr.","2009-07-20",1066.07,"2016-10-03",10501
3502264100,"Single Family","2015-11-16",467.45,"2016-07-07",4000
3502359000,"Duplex - 2","2015-06-08",7522.77,"2016-04-28",5550
3502437000,"Duplex","2016-01-04",1683.55,"2016-08-10",7700
3530655100,"Single Family","2014-07-14",4683.88,"2016-05-05",9000
3630763100,"Duplex","2015-11-16",1325.41,"2016-06-22",6000
3630933000,"Single Family","2016-01-04",4920.28,"2016-08-24",3750
3633203000,"Single Family","2015-11-16",1619.49,"2016-10-27",90000
3641401000,"Duplex","2015-09-14",901.39,"2016-03-17",2650
3641913100,"Duplex","2016-06-13",2412.78,"2016-11-16",4200
3642303000,"Duplex","2015-07-13",1754.92,"2016-03-15",17000
3650038100,"Single Family","2015-11-16",727.62,"2016-07-12",12000
3650057000,"Duplex","2015-09-14",554.66,"2016-07-20",6000
3650972000,"Single Family","2016-01-04",779.52,"2016-09-21",3000
3651311000,"Single Family","2015-11-16",224.32,"2016-08-18",40000
3660116100,"Duplex","2016-01-04",2429.42,"2016-08-09",2500
3660308000,"Single Family","2016-01-04",2979.85,"2016-12-21",2500
3661007000,"Single Family","2015-11-16",1386.38,"2016-07-06",15000
3661028000,"Multi-Family","2015-01-05",640.45,"2016-01-25",3150
3661082000,"Single Family","2013-10-14",4866.85,"2016-09-28",2500
3870334100,"Duplex","2014-07-14",6015.7,"2016-04-14",1000
3870714000,"Duplex","2015-11-16",1873.76,"2016-06-24",7500
3890102100,"Duplex","2014-06-02",3438.54,"2016-08-23",3750
3891313000,"Single Family","2016-06-13",1076.69,"2016-11-17",5250
4000741000,"Multi-Family","2012-07-09",9846.64,"2016-01-13",11250
4010609000,"Multi-Family","2016-01-04",2853.1,"2016-11-22",10000
4011061000,"Duplex","2016-01-04",2033.28,"2016-11-08",4000
4020711000,"Duplex","2015-09-14",1079.71,"2016-04-12",8100
4050370000,"Single Family","2016-07-11",205.37,"2016-12-28",15037
4070523000,"Duplex","2015-11-16",608.81,"2016-03-29",109000
4201046000,"Single Family","2015-11-16",243.09,"2016-12-08",26730
4310913000,"Single Family","2015-07-13",2153.19,"2016-06-01",24000
4320037100,"Single Family","2015-11-16",1677.66,"2016-10-04",6000
4320291000,"Com/Res","2012-12-17",3836.91,"2016-10-27",20000
4320416000,"Single Family","2015-11-16",484.37,"2016-03-24",26100
4320585000,"Duplex","2016-07-11",3390.69,"2016-12-28",10512
4330629000,"Single Family","2015-11-16",1449.92,"2016-04-27",4000
4331129000,"Duplex","2015-06-08",169.21,"2016-12-07",5000
4331748000,"Duplex","2015-11-16",2380.15,"2016-06-22",4500
4331784000,"Duplex","2015-11-16",144.87,"2016-09-08",6000
4331922000,"Duplex","2014-07-14",957.81,"2016-02-05",9450
4331971000,"Duplex","2016-07-11",157.64,"2016-12-28",10014
4340126000,"Single Family","2015-07-13",467.78,"2016-01-20",20000
4340169000,"Duplex","2015-09-14",1632.07,"2016-08-25",18000
4340605000,"Com/Res","2014-07-14",2902.71,"2016-02-05",18000
4340715000,"Duplex","2016-01-04",1186.3,"2016-07-27",3000
4341530000,"Duplex","2015-01-05",4757.27,"2016-03-10",1000
4342003000,"Multi-Family","2015-07-13",3541.48,"2016-02-10",5500
4342023000,"Multi-Family","2014-06-02",1012.41,"2016-02-16",1
4350148000,"Multi-Family","2016-06-13",2869.24,"2016-11-08",13600
4350307000,"Single Family","2012-07-09",9323.6,"2016-02-03",1
4351014000,"Single Family","2015-09-14",932.77,"2016-09-01",25350
4351068000,"Duplex","2016-01-04",1152.46,"2016-07-26",50000
4581626000,"Duplex","2012-01-30",11309.94,"2016-08-09",15000
4589932000,"Single Family","2016-06-13",441.55,"2016-11-30",60100
4590057000,"Duplex","2015-09-14",2093.3,"2016-10-12",8438
4601460000,"Duplex","2015-07-13",783.11,"2016-01-08",10125
4601688000,"Single Family","2015-07-13",794.95,"2016-12-20",10000
4610674000,"Single Family","2015-07-13",256.45,"2016-01-19",12450
4610731000,"Multi-Family","2014-11-11",309.82,"2016-04-05",1000
4611341000,"Com/Res","2014-07-14",2213.21,"2016-05-03",20000
4620201000,"Single Family","2015-06-08",190.82,"2016-05-12",1000
4620229000,"Single Family","2015-07-13",2152.04,"2016-01-12",7650
4671054000,"Multi-Family","2015-09-14",416.44,"2016-03-09",3000
4671058100,"Single Family","2015-07-13",1877.15,"2016-10-04",20000
4681210000,"Duplex & Single Family","2015-07-13",1746.04,"2016-08-03",5000
4681316000,"Duplex","2015-11-16",656.95,"2016-05-03",6000
4690206000,"Single Family","2015-01-05",1205.87,"2016-03-24",1000
4690313000,"Duplex","2015-07-13",2238.29,"2016-02-17",1000
4690426000,"Single Family","2016-01-04",4682.09,"2016-07-21",26510
4691002000,"Duplex","2016-01-04",3924.8,"2016-07-07",2500
4692607000,"Duplex","2013-10-14",15380.21,"2016-07-06",1
4693103000,"Duplex","2015-11-16",534.54,"2016-03-30",6000
4700531000,"Multi-Family & Duplex","2015-09-14",3760.45,"2016-05-12",44000
4701710000,"Single Family","2016-01-04",3042.19,"2016-11-23",5000
4702716000,"Single Family","2016-01-04",1902.02,"2016-07-12",10425
4702916000,"Duplex & Single Family","2012-12-17",1464.67,"2016-10-04",25000
4703106000,"Single Family","2015-11-16",2354.64,"2016-09-21",4500
4720141000,"Duplex","2015-09-14",2399.21,"2016-04-19",35000
4940576000,"Tavern/Apts","2012-10-08",1864.47,"2016-09-27",18750
4940633000,"Single Family","2015-07-13",162.98,"2016-03-08",22575
4940725000,"Single Family","2015-06-08",1686.44,"2016-04-07",27750
4960014000,"Duplex","2014-11-11",1986.14,"2016-02-23",1000
4960650000,"Single Family","2015-09-14",1087.79,"2016-09-01",5000
4970372000,"Com/Res","2011-11-14",3527.87,"2016-05-12",13300
4970373000,"Single Family","2012-01-30",482.87,"2016-05-12",13300
4970681000,"Duplex","2016-06-13",147.13,"2016-12-07",5000
4970897000,"Single Family","2016-01-04",232.46,"2016-08-18",15375
4970905000,"Com/Res","2015-06-08",691.57,"2016-07-27",18900
4981408000,"Multi-Family","2015-07-13",1045.61,"2016-02-04",8775
4981504000,"Duplex","2015-06-08",1044.33,"2016-05-03",16000
4981529000,"Duplex","2013-12-02",2327.98,"2016-08-23",1000
5041108000,"Single Family","2014-06-02",2326.26,"2016-06-15",59000
5080041000,"Multi-Family","2015-07-13",4206.73,"2016-02-10",35700
5100113000,"Com/Res","2014-07-14",411.86,"2016-01-26",69950
5350353000,"Com/Res","2014-07-14",4478.77,"2016-02-02",20000
5370200000,"Single Family","2016-01-04",313.95,"2016-05-17",14710
5381559000,"Duplex","2016-06-13",349.49,"2016-11-22",98150
5390927000,"Single Family","2016-06-13",457.75,"2016-11-29",58500
5520104000,"Duplex","2015-07-13",2427.39,"2016-10-25",85000
5610017000,"Single Family","2016-06-13",420.53,"2016-11-16",100000
5619967000,"Single Family","2015-01-05",349.77,"2016-05-18",42000
6900122000,"Single Family","2015-11-16",2216.16,"2016-05-05",1000
