Property Type,Acquired,Count,Total Mgt. Expenses,Closed,Sale Price
Single Family,7/14/2014,1,179.64,12/23/2014,1000
Single Family,10/14/2013,1,2064.1,12/22/2014,67500
Single Family,12/2/2013,1,1737.33,12/19/2014,10000
Single Family,10/8/2012,1,734.88,12/19/2014,6000
Duplex,6/2/2014,1,1443.07,12/19/2014,3675
Duplex,10/14/2013,1,2283.86,12/19/2014,1038.58
Condominium,7/26/2010,1,12632.7,12/19/2014,4586.09
Duplex,6/2/2014,1,1916.88,12/18/2014,1000
Single Family,10/14/2013,1,1683.66,12/18/2014,5000
Duplex,12/17/2012,1,2986.26,12/18/2014,5000
Single Family,10/14/2013,1,2979.56,12/18/2014,5000
Duplex,6/2/2014,1,5331.85,12/18/2014,5000
Single Family,6/2/2014,1,676.14,12/18/2014,5000
Duplex,7/26/2010,1,1532.29,12/17/2014,2500
Single Family,8/16/2013,1,777.23,12/16/2014,34000
Multi-Family,7/9/2012,1,5865.22,12/16/2014,41002.36
Duplex,6/2/2014,1,683.41,12/16/2014,3750
Duplex,8/16/2013,1,1090.704,12/16/2014,3041
Single Family,12/2/2013,1,198.82,12/16/2014,6375
Multi-Family,7/9/2012,1,21087.61,12/11/2014,75000
Multi-Family,7/9/2012,1,28166.48,12/11/2014,75000
Multi-Family,7/9/2012,1,15038.55,12/11/2014,75000
Duplex,7/9/2012,1,3465.22,12/11/2014,75000
Single Family,10/14/2013,1,1098.2,12/11/2014,22000
Single Family,12/2/2013,1,5262.28,12/10/2014,4200
Duplex,10/14/2013,1,88828.282,12/9/2014,2500
Duplex,10/14/2013,1,1978.65,12/9/2014,5775
Single Family,6/2/2014,1,429.97,12/8/2014,1000
Single Family,11/14/2011,1,8480.74,12/5/2014,2850
Duplex,10/14/2013,1,1707.9,12/5/2014,76000
Single Family,12/2/2013,1,2203.75,12/5/2014,12000
Single Family,12/2/2013,1,1051.04,12/5/2014,8000
Duplex,8/16/2013,1,381.88,12/4/2014,4000
Duplex,6/2/2014,1,1386,12/4/2014,11250
Single Family,12/2/2013,1,393.87,12/4/2014,20000
Single Family,8/16/2013,1,554.2,12/2/2014,14500
Multi-Family,12/2/2013,1,853.49,11/28/2014,1000
Duplex,1/30/2012,1,15360.38,11/26/2014,1000
Single Family,6/2/2014,1,350.7,11/26/2014,1000
Duplex,6/2/2014,1,763.17,11/26/2014,1000
Duplex,12/2/2013,1,957.41,11/25/2014,1000
Duplex,12/2/2013,1,254.27,11/25/2014,16875
Duplex,6/29/2011,1,10518.27,11/25/2014,1000
Single Family,10/14/2013,1,861.88,11/25/2014,5600
Single Family,7/20/2009,1,6948.64,11/24/2014,2625
Single Family,12/2/2013,1,652.55,11/24/2014,26000
Duplex,10/14/2013,1,706.16,11/21/2014,11100
Single Family,10/14/2013,1,139.06,11/21/2014,1000
Single Family,10/14/2013,1,1096,11/21/2014,1000
Single Family,12/2/2013,1,420.25,11/21/2014,5500
Single Family,6/2/2014,1,346.04,11/19/2014,1
Auto Repair Shop,2/14/2011,1,1084.5,11/18/2014,10000
Duplex,12/2/2013,1,1002909.84,11/14/2014,13200
Single Family,10/14/2013,1,789.42,11/14/2014,7000
Single Family,8/16/2013,1,3976.83,11/13/2014,33000
Duplex,12/17/2012,1,3383.06,11/13/2014,8501
Single Family,10/14/2013,1,771.24,11/13/2014,3500
Single Family,12/17/2012,1,2868.22,11/13/2014,3000
Single Family,9/16/2011,1,10229.79,11/13/2014,2500
Church,10/14/2013,1,1206.44,11/13/2014,10000
Single Family,7/26/2010,1,7379.6,11/13/2014,2546.75
Single Family,8/16/2013,1,246.49,11/12/2014,15000
Duplex,12/2/2013,1,1025.64,11/12/2014,3000
Single Family,10/8/2012,1,1215.77,11/12/2014,2750
Single Family,10/14/2013,1,178.91,11/12/2014,15765.21
Single Family,10/14/2013,1,402.15,11/11/2014,1
Single Family,10/14/2013,1,1178.83,11/11/2014,21000
Condominium,12/2/2013,1,2091.85,11/10/2014,9519
Mixed use,7/20/2009,1,2393.42,11/5/2014,1
Condominium,12/2/2013,1,4705.24,11/5/2014,9190.67
Single Family,12/2/2013,1,454.71,11/4/2014,8025
Duplex,8/16/2013,1,895.66,11/4/2014,7100
Single Family,10/8/2012,1,1687.81,11/4/2014,1
Retail Building,9/16/2011,1,14400.08,11/4/2014,20000
Duplex,8/16/2013,1,381.24,10/31/2014,5500
Single Family,12/2/2013,1,1383.39,10/31/2014,0
Single Family,1/30/2012,1,1693.22,10/31/2014,8000
Single Family,12/2/2013,1,1110.39,10/30/2014,38250
Duplex,10/14/2013,1,2221.88,10/30/2014,13500
Single Family - 2,10/14/2013,1,101067.37,10/30/2014,55076.56
Duplex,10/14/2013,1,2665.59,10/30/2014,6000
Single Family,12/17/2012,1,1891.73,10/30/2014,8500
Single Family,7/26/2010,1,5819.38,10/30/2014,27000
Single Family,10/8/2012,1,1612.06,10/30/2014,7500
Single Family,12/2/2013,1,1136.71,10/29/2014,8000
Single Family,8/16/2013,1,3409.05,10/29/2014,14896.75
Single Family,10/14/2013,1,1012,10/29/2014,1046.75
Single Family,10/14/2013,1,1411.96,10/27/2014,24000
Single Family,10/14/2013,1,1912.05,10/24/2014,5000
Single Family,12/2/2013,1,1005911.86,10/24/2014,13650
Single Family,12/2/2013,1,346.05,10/24/2014,18000
Multi-Family,10/14/2013,1,2526.16,10/23/2014,1
Single Family,12/2/2013,1,1493.82,10/22/2014,5000
Single Family,12/17/2012,1,2610.03,10/22/2014,3000
Single Family,1/30/2012,1,2493.58,10/22/2014,6750
Single Family,8/16/2013,1,1457.84,10/20/2014,10076.56
Duplex,10/14/2013,1,3051.73,10/20/2014,8000
Single Family,11/14/2011,1,1771.9,10/17/2014,50100
Duplex,12/2/2013,1,525.88,10/17/2014,12000
Single Family,12/2/2013,1,928.45,10/15/2014,5475
Single Family,12/2/2013,1,757.59,10/10/2014,9500
Duplex & Single Family,10/8/2012,1,1813.17,10/10/2014,2500
Single Family,8/16/2013,1,149.21,10/10/2014,4160
Single Family,12/2/2013,1,174.12,10/10/2014,9375
Duplex,7/9/2012,1,6827.25,10/9/2014,18000
Single Family,12/2/2013,1,700.74,10/9/2014,12000
Single Family,10/14/2013,1,3086.53,10/9/2014,11250
Single Family,10/14/2013,1,534.5,10/9/2014,4171.75
Single Family,12/2/2013,1,1745.38,10/9/2014,7600
Duplex & Single Family,12/17/2012,1,13671.52,10/8/2014,9123.31
Single Family,8/16/2013,1,5929.78,10/7/2014,3600
Duplex,10/14/2013,1,2693.22,10/6/2014,25000
Single Family,10/14/2013,1,3690.84,10/3/2014,4500
Duplex,10/14/2013,1,874.72,10/3/2014,4275
Duplex,8/16/2013,1,888.55,10/3/2014,2700
Single Family,1/30/2012,1,5247.44,10/1/2014,3150
Single Family,12/2/2013,1,706.84,10/1/2014,5047.75
Duplex,8/16/2013,1,289.85,9/30/2014,1
Duplex,11/14/2011,1,438.9,9/30/2014,1
Single Family,12/17/2012,1,662.25,9/30/2014,1
Duplex,12/2/2013,1,1492.84,9/30/2014,1
Single Family,9/16/2011,1,1326.15,9/30/2014,1
Single Family,10/8/2012,1,1555.37,9/30/2014,1
Duplex,10/8/2012,1,1549.96,9/30/2014,1
Duplex,1/30/2012,1,1633.02,9/30/2014,1
Duplex,8/16/2013,1,75.94,9/30/2014,1
Duplex,12/2/2013,1,50.82,9/30/2014,1
Single Family,12/2/2013,1,196.09,9/30/2014,1
Duplex,7/9/2012,1,1561.11,9/30/2014,1
Duplex,12/17/2012,1,1113.31,9/30/2014,1
Single Family,7/20/2009,1,744.23,9/30/2014,1
Single Family,12/17/2012,1,1386.63,9/30/2014,1
Duplex,11/14/2011,1,547.47,9/30/2014,1
Duplex,7/9/2012,1,1102.2,9/30/2014,1
Single Family,7/26/2010,1,613.46,9/30/2014,1
Single Family,1/30/2012,1,1682.15,9/30/2014,1
Duplex,12/17/2012,1,3485.79,9/30/2014,1
Duplex,1/30/2012,1,5717.55,9/30/2014,1
Duplex,12/2/2013,1,608.34,9/30/2014,1
Single Family,12/2/2013,1,940.11,9/30/2014,1
Single Family,7/26/2010,1,474.59,9/30/2014,1
Duplex,10/8/2012,1,1361.11,9/30/2014,1
Duplex,12/2/2013,1,786.66,9/30/2014,1
Single Family,10/8/2012,1,871.36,9/30/2014,1
Single Family,11/14/2011,1,862.71,9/30/2014,1
Single Family,9/16/2011,1,3508.71,9/30/2014,1
Multi-Family,1/30/2012,1,1634.33,9/30/2014,1
Duplex,8/16/2013,1,4299.96,9/30/2014,1000
Single Family,7/9/2012,1,2042.68,9/30/2014,1000
Duplex,10/14/2013,1,2002456.8,9/29/2014,23760
Duplex,12/17/2012,1,1390.1,9/29/2014,1000
Single Family,7/9/2012,1,1069.53,9/29/2014,1000
Single Family,10/14/2013,1,1621.37,9/29/2014,15603.1
Single Family,8/16/2013,1,1689.76,9/29/2014,1000
Single Family,10/8/2012,1,2462,9/26/2014,2500
Duplex,8/16/2013,1,841.37,9/26/2014,2250
Single Family,8/16/2013,1,232.68,9/26/2014,3675
Single Family,10/8/2012,1,2069.36,9/25/2014,16646.75
Condominium,10/14/2013,1,3176.04,9/24/2014,52563.24
Single Family,12/2/2013,1,1207.63,9/23/2014,1000
Single Family,10/14/2013,1,1493.45,9/23/2014,11000
Single Family,12/2/2013,1,1906.92,9/22/2014,7500
Warehouse,7/20/2009,1,624.22,9/19/2014,55001
Single Family,10/14/2013,1,2802.48,9/19/2014,16575
Condominium,10/14/2013,1,1017.96,9/19/2014,13500
Single Family,8/16/2013,1,1744.17,9/18/2014,3000
Single Family,8/16/2013,1,178.97,9/17/2014,1
Single Family,10/14/2013,1,752.86,9/17/2014,1
Duplex,8/16/2013,1,152.88,9/17/2014,1
Single Family,9/16/2011,1,2873.67,9/17/2014,1
Duplex,10/14/2013,1,451.65,9/17/2014,1
Single Family - 2,10/8/2012,1,1605.49,9/17/2014,1
Single Family,12/2/2013,1,50.574,9/17/2014,1
Duplex,12/17/2012,1,797.66,9/17/2014,1
Church,10/8/2012,1,596.87,9/17/2014,1
Duplex,3/1/2010,1,456.44,9/17/2014,1
Duplex,10/8/2012,1,1519.46,9/17/2014,1
Duplex,7/26/2010,1,1158.97,9/17/2014,1
Duplex,7/9/2012,1,1803.45,9/17/2014,1
Single Family,12/17/2012,1,1483.87,9/17/2014,1
Duplex,8/16/2013,1,111.42,9/17/2014,1
Single Family,10/14/2013,1,617.26,9/17/2014,1
Single Family - 2,10/14/2013,1,1316.58,9/17/2014,1
Single Family,10/14/2013,1,109.75,9/17/2014,1
Duplex,11/14/2011,1,3563.604,9/17/2014,1
Single Family,9/16/2011,1,801.26,9/17/2014,1
Single Family,10/8/2012,1,1842.07,9/17/2014,1
Duplex,10/8/2012,1,2230.31,9/17/2014,1
Duplex,10/8/2012,1,2916.6,9/17/2014,1
Single Family,8/16/2013,1,398.38,9/17/2014,14892
Single Family,10/14/2013,1,617.64,9/16/2014,14000
Duplex,10/14/2013,1,397.72,9/12/2014,10330
Duplex,12/17/2012,1,803.14,9/12/2014,1000
Single Family,10/8/2012,1,1823.89,9/12/2014,1000.02
Duplex,7/9/2012,1,6275.6,9/12/2014,4000
Multi-Family,8/16/2013,1,1303.91,9/12/2014,21000
Single Family,7/26/2010,1,4530.39,9/12/2014,2500
Single Family,10/14/2013,1,1278.95,9/12/2014,5000
Single Family,12/2/2013,1,3236.47,9/12/2014,5000
Single Family,10/14/2013,1,140.21,9/11/2014,5250
Duplex,10/14/2013,1,3350.88,9/10/2014,11025
Duplex,8/16/2013,1,2183.2,9/10/2014,1000
Single Family,10/14/2013,1,183.93,9/9/2014,10000
Duplex,10/14/2013,1,3361.89,9/8/2014,25000
Single Family,10/14/2013,1,2179.69,9/8/2014,58000
Duplex,10/14/2013,1,1952.91,9/5/2014,3000
Single Family,12/2/2013,1,7839.05,9/5/2014,1
Single Family,10/14/2013,1,419.91,9/5/2014,33000
Single Family,12/2/2013,1,2360.08,9/5/2014,1000
Duplex,10/14/2013,1,1867.85,9/5/2014,12000
Single Family,12/2/2013,1,1448.11,9/5/2014,1000
Condominium,12/2/2013,1,3699.66,9/5/2014,10277.33
Single Family,7/20/2009,1,3357.64,8/29/2014,5000
Single Family,10/14/2013,1,2010.54,8/29/2014,5000
Single Family,10/14/2013,1,2643.77,8/29/2014,5000
Single Family,12/2/2013,1,123.21,8/29/2014,5000
Single Family,10/14/2013,1,1686.74,8/29/2014,5000
Single Family,10/14/2013,1,2188.87,8/26/2014,1000
Single Family,9/16/2011,1,5492.44,8/25/2014,5000
Single Family,10/14/2013,1,896.41,8/25/2014,4350
Duplex,12/2/2013,1,618.66,8/22/2014,11000
Single Family,10/8/2012,1,3657.79,8/22/2014,2225
Single Family,10/14/2013,1,712.28,8/22/2014,10040.31
Restaurant,7/9/2012,1,1280.57,8/20/2014,10000
Single Family,8/16/2013,1,623.32,8/20/2014,1000
Single Family,12/2/2013,1,77.82,8/18/2014,7500
Single Family,1/30/2012,1,3677.6,8/14/2014,42500
Single Family,12/2/2013,1,350.28,8/14/2014,11000
Single Family,10/14/2013,1,195.29,8/14/2014,5000
Single Family,10/14/2013,1,226.47,8/13/2014,1000
Single Family,12/2/2013,1,266.94,8/13/2014,1000
Single Family,10/14/2013,1,2213.02,8/13/2014,1000
Single Family,12/2/2013,1,79.42,8/13/2014,1000
Single Family,12/2/2013,1,1051.65,8/13/2014,16875
Duplex,10/14/2013,1,1871.32,8/11/2014,5000
Duplex,9/16/2011,1,5317.94,8/11/2014,1000
Single Family,7/20/2009,1,923.3,8/8/2014,1000
Condominium,8/16/2013,1,2363.51,8/8/2014,1000
Condominium,12/2/2013,1,3833.69,8/8/2014,1000
Auto Repair Shop,7/9/2012,1,2156.47,8/5/2014,1
Single Family,8/16/2013,1,496.16,8/5/2014,4950
Duplex,8/16/2013,1,2570.36,8/4/2014,10800
Single Family,10/14/2013,1,8262.95,8/1/2014,5000
Duplex,10/14/2013,1,9064.45,7/31/2014,23000
Condominium,7/9/2012,1,10214.17,7/31/2014,1
Multi-Family,8/16/2013,1,9100.89,7/31/2014,2625
Single Family,10/14/2013,1,3402.57,7/31/2014,12000
Single Family,10/14/2013,1,1372.39,7/30/2014,2625
Duplex,10/8/2012,1,5645.88,7/30/2014,4600
Duplex,8/16/2013,1,3782.15,7/28/2014,1000
Single Family,12/2/2013,1,205.29,7/25/2014,1000
Single Family,6/29/2011,1,1590.79,7/25/2014,1000
Single Family,12/2/2013,1,99.9,7/24/2014,1000
Single Family,10/14/2013,1,120.43,7/24/2014,1000
Single Family,10/14/2013,1,210.17,7/22/2014,1
Single Family,12/2/2013,1,707.22,7/22/2014,1
Duplex,10/14/2013,1,490.25,7/18/2014,11000
Duplex,8/16/2013,1,1071.88,7/18/2014,3750
Single Family,10/14/2013,1,1870.42,7/14/2014,15750
Single Family,10/14/2013,1,281.55,7/11/2014,11500
Single Family,10/8/2012,1,622.02,7/11/2014,1000
Single Family,8/16/2013,1,551.17,7/11/2014,8250
Duplex & Single Family,10/14/2013,1,3279.35,7/10/2014,2625
Condominium,10/14/2013,1,1410.22,7/10/2014,8649.03
Single Family,10/8/2012,1,1551.08,7/8/2014,3500
Single Family,10/14/2013,1,140.95,7/8/2014,8700
Duplex,10/8/2012,1,5937.57,7/7/2014,14500
Single Family,10/14/2013,1,1640.32,7/2/2014,7000
Duplex,1/30/2012,1,3030.11,7/1/2014,12100
Duplex,8/16/2013,1,1816.44,6/30/2014,2650
Single Family,10/14/2013,1,1722.51,6/27/2014,13000
Single Family,10/14/2013,1,5569.38,6/27/2014,5000
Single Family,8/16/2013,1,589.56,6/27/2014,12000
Single Family,10/14/2013,1,679.64,6/26/2014,9000
Single Family,10/14/2013,1,833.99,6/25/2014,9814.04
Single Family,8/16/2013,1,988.87,6/20/2014,6000
Condominium,12/17/2012,1,18697.54,6/19/2014,10500
Single Family,7/9/2012,1,4911.77,6/18/2014,3900
Duplex,11/14/2011,1,2626.57,6/13/2014,3750
Duplex,11/14/2011,1,915.73,6/13/2014,3750
Duplex,6/29/2011,1,1053.19,6/13/2014,3975
Single Family,8/16/2013,1,139.22,6/13/2014,3300
Condominium,8/16/2013,1,2389.35,6/13/2014,32000
Duplex,7/26/2010,1,11138.32,6/12/2014,5000
Single Family,10/14/2013,1,981.57,6/12/2014,1000
Single Family,10/8/2012,1,1517.19,6/11/2014,3300
Single Family,10/14/2013,1,1210.26,6/9/2014,1007.99
Single Family,8/16/2013,1,407.77,6/6/2014,9000
Duplex,7/26/2010,1,3841.64,6/6/2014,8000
Single Family,6/29/2011,1,2083.24,6/6/2014,5625
Single Family,12/17/2012,1,797.98,6/6/2014,5000
Single Family,7/9/2012,1,1388.66,6/6/2014,5000
Single Family,7/20/2009,1,397.46,6/6/2014,5000
Single Family,7/9/2012,1,4364.43,6/6/2014,9075
Single Family,7/9/2012,1,2182.72,6/6/2014,5000
Single Family,7/26/2010,1,1762.9,6/3/2014,1000
Duplex,10/14/2013,1,2458.14,5/28/2014,15000
Duplex & Single Family,8/16/2013,1,1221.3,5/27/2014,13500
Single Family,10/14/2013,1,273.67,5/23/2014,3314.04
Single Family,8/16/2013,1,692.98,5/23/2014,5280
Single Family,12/2/2013,1,9423.02,5/22/2014,12500
Single Family,11/14/2011,1,3939.29,5/22/2014,1000
Duplex,10/14/2013,1,374,5/21/2014,6400
Duplex,8/16/2013,1,1474.07,5/21/2014,3500
Single Family,8/16/2013,1,5951.18,5/21/2014,1019.33
Single Family,8/16/2013,1,1503.89,5/21/2014,1026.45
Single Family,7/26/2010,1,265.38,5/21/2014,1000
Duplex,10/14/2013,1,637.2,5/21/2014,23500
Multi-Family,10/8/2012,1,1697.51,5/20/2014,1000
Single Family,12/17/2012,1,1405.98,5/16/2014,51000
Duplex,6/29/2011,1,1598.02,5/14/2014,1000
Single Family,10/14/2013,1,2366.93,5/14/2014,8000
Condominium,10/14/2013,1,1658.99,5/14/2014,1120.38
Condominium,12/2/2013,1,2436.94,5/14/2014,1120.38
Single Family,10/14/2013,1,749.32,5/12/2014,4800
Single Family,7/26/2010,1,679.1,5/9/2014,3000
Single Family,12/17/2012,1,3884.31,5/9/2014,8120
Single Family,8/16/2013,1,122.19,5/9/2014,5700
Single Family,7/9/2012,1,3920.17,5/9/2014,20000
Single Family - 2,8/16/2013,1,1739.95,5/9/2014,13000
Single Family,11/14/2011,1,804.04,5/9/2014,2900
Single Family,7/9/2012,1,3995.37,5/8/2014,18000
Single Family,12/17/2012,1,2088.25,5/7/2014,3500
Single Family,8/16/2013,1,1454.7,5/7/2014,3500
Duplex,12/17/2012,1,898.17,5/2/2014,1000
Duplex,8/16/2013,1,217.54,5/2/2014,16000
Single Family,8/16/2013,1,544.29,5/2/2014,15750
Single Family,12/17/2012,1,1150.71,4/28/2014,6500
Single Family,10/8/2012,1,736.41,4/25/2014,5012.54
Single Family,11/14/2011,1,2114.1,4/25/2014,5000
Single Family,12/17/2012,1,1416.23,4/25/2014,5012.64
Single Family,7/9/2012,1,1246.36,4/25/2014,5000
Single Family,10/8/2012,1,2019.48,4/25/2014,5000
Single Family,7/9/2012,1,8295.83,4/25/2014,4050
Single Family,10/14/2013,1,1898.49,4/24/2014,18000
Duplex,8/16/2013,1,59,4/24/2014,1000
Duplex,10/8/2012,1,3123.69,4/24/2014,1000
Duplex,12/17/2012,1,1304.18,4/22/2014,1000
Duplex,10/8/2012,1,1865.51,4/22/2014,1000
Duplex,8/16/2013,1,320.86,4/22/2014,1000
Single Family,7/9/2012,1,1092.5,4/22/2014,5250
Single Family,1/30/2012,1,2034.67,4/17/2014,8250
Single Family,8/16/2013,1,268.46,4/16/2014,1
Single Family,8/16/2013,1,245.68,4/16/2014,1
Duplex,8/16/2013,1,2438.33,4/14/2014,4900
Single Family,8/16/2013,1,137.89,4/14/2014,8914.45
Duplex,10/8/2012,1,6738.89,4/11/2014,4000
Single Family,8/16/2013,1,4372.26,4/11/2014,9000
Duplex,8/16/2013,1,800.57,4/11/2014,3000
Single Family,12/17/2012,1,15689.07,4/10/2014,1000
Duplex,8/16/2013,1,475.3,4/10/2014,1000
Duplex,1/30/2012,1,9996.74,4/9/2014,5000
Single Family,12/17/2012,1,7827.73,4/4/2014,40000
Single Family,8/16/2013,1,243.33,4/4/2014,8000
Single Family,12/17/2012,1,1110.7,4/4/2014,9500
Duplex,8/16/2013,1,203.65,4/2/2014,13500
Single Family,7/9/2012,1,7046.53,4/1/2014,15000
Condominium,10/8/2012,1,5256.76,4/1/2014,8100
Condominium,7/9/2012,1,7380.12,3/31/2014,1005.48
Duplex,10/8/2012,1,6385.93,3/28/2014,3750
Single Family,7/20/2009,1,5349.05,3/28/2014,3400
Single Family,6/29/2011,1,2736.73,3/28/2014,6150
Single Family,1/30/2012,1,4095.09,3/27/2014,3100
Single Family,7/26/2010,1,675.63,3/26/2014,2300
Duplex,10/8/2012,1,1550.52,3/25/2014,7000
Duplex,7/9/2012,1,1996.71,3/24/2014,3000
Single Family,8/16/2013,1,2597.63,3/21/2014,4500
Duplex,11/14/2011,1,1438.73,3/21/2014,5000
Single Family,8/16/2013,1,265.1,3/21/2014,1000
Duplex,8/16/2013,1,6331.47,3/20/2014,18000
Single Family,12/17/2012,1,5781.8,3/20/2014,9375
Duplex,10/8/2012,1,5681.11,3/17/2014,5000
Duplex,10/8/2012,1,5191.2,3/14/2014,27000
Single Family,8/16/2013,1,1626.1,3/14/2014,7000
Single Family,8/16/2013,1,410.55,3/14/2014,8000
Duplex,12/17/2012,1,3089.42,3/12/2014,26000
Single Family,12/17/2012,1,1425.82,3/11/2014,7875
Single Family,8/16/2013,1,798.85,3/10/2014,15000
Single Family,8/16/2013,1,212.67,3/10/2014,6400
Single Family,8/16/2013,1,5238.85,3/7/2014,4800
Single Family,7/9/2012,1,877.27,3/7/2014,7800
Rooming House,1/30/2012,1,1738.94,3/5/2014,3500
Duplex,10/8/2012,1,1259.77,3/4/2014,46565
Single Family,9/16/2011,1,1969.08,2/27/2014,6900
Single Family,12/17/2012,1,1159.82,2/27/2014,5250
Single Family,8/16/2013,1,631.25,2/27/2014,4000
Single Family,10/8/2012,1,2939.22,2/25/2014,10000
Duplex,10/8/2012,1,1909.54,2/25/2014,7500
Condominium,7/26/2010,1,4276.6,2/25/2014,8529.29
Single Family,10/8/2012,1,2000.05,2/24/2014,2600
Single Family,10/8/2012,1,1854.15,2/24/2014,7000
Single Family,10/14/2013,1,1244.98,2/21/2014,25300
Single Family,10/8/2012,1,3039.58,2/21/2014,18400
Duplex,7/9/2012,1,1345.46,2/20/2014,1000
Single Family,7/9/2012,1,2534.76,2/20/2014,1000
Single Family,9/16/2011,1,1418.25,2/20/2014,4500
Duplex,10/14/2013,1,95.52,2/17/2014,1000
Single Family,10/8/2012,1,2032.06,2/17/2014,2584
Condominium,8/16/2013,1,2010.87,2/17/2014,7129.14
Single Family,8/16/2013,1,2702.5,2/14/2014,33000
Single Family,12/17/2012,1,1664.43,2/14/2014,9750
Single Family,8/16/2013,1,68.82,2/13/2014,10000
Single Family,12/17/2012,1,611.79,2/13/2014,5000
Single Family,7/9/2012,1,3750.29,2/13/2014,11000
Single Family,7/9/2012,1,834.06,2/13/2014,5000
Single Family,9/16/2011,1,3074.75,2/13/2014,11000
Single Family,7/9/2012,1,1304.06,2/13/2014,5000
Single Family,8/16/2013,1,202.78,2/13/2014,12000
Single Family,10/8/2012,1,1559.06,2/13/2014,5000
Single Family,1/30/2012,1,2037.43,2/13/2014,12000
Single Family,7/9/2012,1,454.1,2/13/2014,5000
Single Family,10/8/2012,1,1536.93,2/7/2014,1000
Single Family,7/9/2012,1,545.5,2/7/2014,5000
Single Family,8/16/2013,1,354.8,2/6/2014,18300
Duplex,10/8/2012,1,3327.28,2/6/2014,10000
Duplex,11/14/2011,1,16296.87,2/6/2014,2870
Single Family,8/16/2013,1,672.87,2/4/2014,5000
Single Family,8/16/2013,1,253.3,2/4/2014,4501
Duplex,12/17/2012,1,1217.81,2/4/2014,1000
Single Family,8/16/2013,1,228.12,2/4/2014,1000
Single Family,7/9/2012,1,1379.73,2/4/2014,1000
Single Family,12/17/2012,1,1192.88,1/31/2014,14400
Single Family,8/16/2013,1,2708.17,1/31/2014,12000
Duplex & Single Family,1/30/2012,1,3858.9,1/29/2014,2000
Single Family,10/8/2012,1,514.65,1/28/2014,42000
Single Family,11/14/2011,1,1339.83,1/28/2014,13400
Duplex,10/8/2012,1,1154.58,1/28/2014,1000
Duplex,10/8/2012,1,603.45,1/28/2014,1000
Single Family,8/16/2013,1,2432.63,1/28/2014,1000
Single Family,11/14/2011,1,6066.1,1/24/2014,4000
Single Family,12/17/2012,1,630.61,1/23/2014,6375
Single Family,8/16/2013,1,691.04,1/22/2014,3900
Condominium,10/8/2012,1,6869.52,1/21/2014,7129.13
Duplex,10/8/2012,1,762.11,1/14/2014,6750
Single Family,2/14/2011,1,1148.09,1/14/2014,7500
Duplex & Single Family,12/17/2012,1,5713.61,1/3/2014,3500
Duplex,12/17/2012,1,2359.5,1/3/2014,8900
Duplex,8/16/2013,1,316.22,1/2/2014,6000
Single Family,8/16/2013,1,1187.52,1/2/2015,1000
Single Family,6/2/2014,1,53.88,1/2/2015,1000
Single Family,12/17/2012,1,7064.53,1/5/2015,7000
Multi-Family,10/14/2013,1,181.92,1/6/2015,45000
Duplex,7/14/2014,1,270.03,1/6/2015,7000
Duplex,6/2/2014,1,2984.59,1/7/2015,6107
Condominium,6/2/2014,1,1143.58,1/8/2015,10600
Duplex,10/14/2013,1,1100.38,1/9/2015,14000
Single Family,7/26/2010,1,25042.23,1/9/2015,4550
Single Family,7/9/2012,1,3002.81,1/9/2015,2625
Single Family,10/14/2013,1,959.9511,1/9/2015,5000
Single Family,6/2/2014,1,1151.25,1/9/2015,8000
Single Family,2/14/2011,1,4534.624,1/9/2015,5000
Single Family,12/2/2013,1,318.12,1/9/2015,5000
Single Family,10/14/2013,1,4298.64,1/9/2015,12000
Single Family,8/16/2013,1,7387.53,1/9/2015,5000
Single Family,12/2/2013,1,260.9,1/9/2015,5000
Duplex,7/14/2014,1,1037.89,1/12/2015,9750
Duplex,8/16/2013,1,2195.09,1/13/2015,9000
Duplex,6/2/2014,1,4299.27,1/13/2015,5000
Single Family,10/14/2013,1,1413.22,1/13/2015,3375
Single Family,12/2/2013,1,1000522.84,1/13/2015,2500
Duplex,10/14/2013,1,1568.64,1/15/2015,4000
Duplex,10/8/2012,1,3702.81,1/15/2015,12623.4
Single Family,12/2/2013,1,2983.37,1/15/2015,3000
Single Family,6/2/2014,1,728.7,1/15/2015,11250
Multi-Family,12/17/2012,1,4479.49,1/16/2015,5000
Single Family,11/14/2011,1,9611.07,1/20/2015,3125
Single Family,6/2/2014,1,162.63,1/20/2015,16125
Single Family,7/14/2014,1,1315.52,1/21/2015,16500
Duplex,7/14/2014,1,2265.13,1/22/2015,5500
Single Family,6/2/2014,1,1179.83,1/22/2015,7200
Duplex,6/2/2014,1,515.17,1/23/2015,7000
Duplex & Single Family,7/14/2014,1,1850.85,1/23/2015,43500
Duplex,10/14/2013,1,1499.75,1/23/2015,4500
Duplex,6/2/2014,1,3556.53,1/26/2015,1000
Single Family,6/2/2014,1,657.18,1/26/2015,1000
Duplex,6/2/2014,1,1237.52,1/27/2015,1000
Single Family,8/16/2013,1,259.6,1/27/2015,2500
Duplex,6/2/2014,1,1257.4,1/30/2015,24750
Condominium,12/2/2013,1,5204.73,1/30/2015,1013.25
Single Family,6/2/2014,1,1962.31,2/3/2015,9300
Duplex,6/2/2014,1,868.33,2/4/2015,5000
Single Family,12/2/2013,1,469.29,2/4/2015,14000
Duplex,10/14/2013,1,2586.61,2/6/2015,1000
Duplex,6/2/2014,1,2888.45,2/6/2015,3800
Single Family,12/2/2013,1,2774.64,2/6/2015,6000
Condominium,10/14/2013,1,2778.22,2/6/2015,9270.64
Duplex,6/2/2014,1,3992.71,2/13/2015,18500
Duplex,12/17/2012,1,1327.68,2/16/2015,3750
Single Family,12/2/2013,1,644.17,2/16/2015,4000
Single Family,6/2/2014,1,63.88,2/17/2015,1000
Single Family,12/17/2012,1,2178.53,2/17/2015,1000
Single Family,8/16/2013,1,1392.2,2/17/2015,3675
Single Family,7/14/2014,1,228.16,2/17/2015,21375
Duplex,12/2/2013,1,998.08,2/18/2015,3000
Single Family,6/2/2014,1,281.63,2/18/2015,6750
Duplex,6/2/2014,1,416.77,2/18/2015,9000
Duplex,6/2/2014,1,444.34,2/19/2015,8000
Duplex,10/14/2013,1,912.52,2/19/2015,3400
Single Family,12/2/2013,1,2830.76,2/19/2015,3700
Single Family,7/14/2014,1,294,2/20/2015,10000
Single Family,10/14/2013,1,866.03,2/23/2015,4700
Duplex,10/14/2013,1,1088.01,2/24/2015,8000
Duplex,6/2/2014,1,1205.18,2/24/2015,5000
Single Family,6/2/2014,1,372.69,2/25/2015,18929.1
Duplex,7/14/2014,1,1418.01,2/25/2015,2500
Single Family,9/15/2014,1,1126.78,2/25/2015,4000
Duplex,7/14/2014,1,1064.72,2/27/2015,30000
Rooming House,12/2/2013,1,2441.12,2/27/2015,6150
Single Family,8/16/2013,1,3703.81,2/27/2015,1
Duplex,12/17/2012,1,4494,3/2/2015,5124.78
Duplex,7/14/2014,1,1760.18,3/3/2015,2625
Duplex,7/14/2014,1,8506.206,3/5/2015,3675
Duplex,7/14/2014,1,739.34,3/5/2015,11250
Duplex,10/14/2013,1,224.5,3/6/2015,1000
Multi-Family,7/14/2014,1,1418.77,3/6/2015,13700
Duplex & Single Family,6/2/2014,1,3996.6,3/6/2015,5000
Duplex,12/2/2013,1,2601.4,3/6/2015,7105.08
Single Family,12/2/2013,1,1380.27,3/6/2015,4000
Single Family,6/2/2014,1,2157.94,3/6/2015,5900
Single Family,12/2/2013,1,3013.17,3/6/2015,3000
Single Family,7/14/2014,1,2304.13,3/9/2015,8250
Single Family,10/14/2013,1,4532.6,3/9/2015,3000
Single Family,7/9/2012,1,1052.17,3/10/2015,1000
Duplex,6/2/2014,1,199.66,3/11/2015,2
Duplex,1/30/2012,1,5266.44,3/12/2015,2500
Condominium,7/14/2014,1,2038,3/12/2015,8141.94
Duplex,10/14/2013,1,5161.23,3/13/2015,1000
Duplex,6/2/2014,1,2010.49,3/13/2015,5000
Single Family,7/26/2010,1,324.99,3/13/2015,3000
Single Family,7/14/2014,1,811.94,3/13/2015,7500
Retail Building,3/28/1946,1,185.44,3/16/2015,50000
Duplex,12/2/2013,1,4603.28,3/16/2015,3006.99
Condominium,12/2/2013,1,7771.12,3/16/2015,7591.21
Duplex,6/2/2014,1,1600.45,3/17/2015,4500
Single Family,7/14/2014,1,2483.84,3/18/2015,7000
Single Family,12/2/2013,1,1313.41,3/18/2015,3000
Duplex,9/15/2014,1,816.97,3/19/2015,5100
Duplex,9/15/2014,1,762.2,3/19/2015,4792
Duplex,7/14/2014,1,1261.34,3/20/2015,5625
Single Family,6/2/2014,1,547.19,3/20/2015,7600
Duplex,10/14/2013,1,2322.21,3/24/2015,5600
Commercial Mixed-Use,1/5/2015,1,43579.96,3/26/2015,1300000
Duplex,12/2/2013,1,3874.54,3/27/2015,25200
Duplex,6/2/2014,1,755.95,3/27/2015,5000
Duplex,7/26/2010,1,1482.85,3/27/2015,3000
Single Family,6/2/2014,1,241.54,3/27/2015,4500
Single Family,6/2/2014,1,1544.99,3/27/2015,32000
Duplex,6/2/2014,1,582.25,3/30/2015,2800
Duplex,10/8/2012,1,1329.3,3/30/2015,1000
Duplex,9/15/2014,1,482.12,3/30/2015,1000
Single Family,1/5/2015,1,46.5,3/30/2015,1000
Duplex,8/16/2013,1,266.87,3/30/2015,1000
Duplex,8/16/2013,1,6508.31,3/30/2015,1000
Single Family,12/2/2013,1,4997.89,3/30/2015,5175
Single Family,10/8/2012,1,1137.48,3/30/2015,3750
Single Family,12/2/2013,1,6966.8,3/30/2015,9000
Single Family,6/2/2014,1,1003493.9,3/30/2015,10500
Duplex,6/2/2014,1,3512.91,3/31/2015,10000
Single Family,9/15/2014,1,2676.76,4/1/2015,6075
Single Family,9/15/2014,1,837.44,4/1/2015,5200
Rooming House,7/28/2008,1,6639.42,4/2/2015,9500
Single Family,9/15/2014,1,444.19,4/2/2015,3000
Single Family,10/14/2013,1,2432.3,4/3/2015,30375
Multi-Family,7/14/2014,1,1301.59,4/6/2015,8175
Duplex,8/16/2013,1,6300.82,4/6/2015,1
Single Family,10/14/2013,1,1180.99,4/8/2015,2700
Single Family,7/14/2014,1,788.96,4/8/2015,3000
Single Family,7/14/2014,1,339,4/8/2015,28500
Duplex,7/14/2014,1,269.08,4/8/2015,9675
Duplex,7/14/2014,1,1066.3,4/10/2015,3750
Single Family,9/15/2014,1,755.79,4/10/2015,2250
Condominium,7/14/2014,1,1917.8,4/14/2015,5053.33
Single Family,11/11/2014,1,172.15,4/17/2015,1000
Duplex,9/15/2014,1,142.49,4/17/2015,2900
Duplex,7/14/2014,1,243.92,4/17/2015,3750
Single Family,9/15/2014,1,4713.1,4/20/2015,3600
Single Family,8/16/2013,1,1267.48,4/21/2015,1
Single Family,7/14/2014,1,770.2,4/22/2015,3200
Duplex,7/14/2014,1,1337.33,4/22/2015,4050
Single Family,9/15/2014,1,1001.9,4/22/2015,3000
Single Family,2/14/2011,1,1236.63,4/23/2015,19000
Single Family,12/2/2013,1,813.21,4/23/2015,5000
Duplex,6/2/2014,1,1799.68,4/23/2015,5000
Single Family,10/14/2013,1,1280.41,4/23/2015,5000
Duplex,7/14/2014,1,339.68,4/23/2015,3400
Single Family,7/14/2014,1,1170.04,4/23/2015,5000
Duplex,11/11/2014,1,445.63,4/24/2015,30000
Single Family,9/15/2014,1,460.44,4/24/2015,5000
Duplex,11/11/2014,1,3650.93,4/24/2015,12760
Single Family,9/15/2014,1,157.37,4/24/2015,10000
Duplex,1/5/2015,1,498.77,4/24/2015,1000
Single Family,9/15/2014,1,711.26,4/24/2015,12100
Duplex,8/16/2013,1,993.68,4/24/2015,3000
Single Family,12/2/2013,1,680.78,4/24/2015,1
Condominium,7/14/2014,1,2874.58,4/24/2015,9027.17
Duplex,10/8/2012,1,4281.18,4/27/2015,4900
Duplex,11/11/2014,1,363.77,4/28/2015,3600
Duplex,11/11/2014,1,174.19,4/28/2015,5425
Single Family,11/11/2014,1,2522.57,4/29/2015,4800
Duplex,9/15/2014,1,5812.09,4/29/2015,2950
Duplex,8/16/2013,1,1208.73,4/29/2015,1
Duplex,11/11/2014,1,6698.83,4/30/2015,3750
Duplex,11/11/2014,1,4103.44,4/30/2015,7500
Duplex,12/2/2013,1,1313.73,5/1/2015,5200
Duplex,11/11/2014,1,3068.14,5/1/2015,4100
Single Family,11/11/2014,1,231.98,5/4/2015,1000
Single Family,1/5/2015,1,82.96,5/4/2015,1000
Duplex,11/11/2014,1,5417.34,5/5/2015,4500
Single Family,6/2/2014,1,937.66,5/7/2015,23250
Duplex,9/15/2014,1,205736.88,5/8/2015,3800
Single Family,11/11/2014,1,1186.34,5/8/2015,13200
Single Family,11/11/2014,1,1104.88,5/8/2015,8700
Single Family,7/14/2014,1,803.94,5/8/2015,15000
Single Family,12/2/2013,1,7425.04,5/8/2015,1
Duplex,1/5/2015,1,27.35,5/14/2015,1000
Duplex,10/14/2013,1,2157.81,5/14/2015,12750
Duplex,6/2/2014,1,2491.6,5/14/2015,4200
Single Family,7/14/2014,1,653.72,5/14/2015,1
Single Family,11/11/2014,1,307.07,5/14/2015,1
Single Family,11/11/2014,1,685.07,5/14/2015,37500
Single Family,6/2/2014,1,2011.53,5/14/2015,1
Single Family,7/9/2012,1,7875.48,5/14/2015,1
Duplex,11/11/2014,1,51.48,5/15/2015,1000
Single Family,9/15/2014,1,355.94,5/15/2015,2625
Duplex,9/15/2014,1,910.82,5/15/2015,4000
Duplex,11/11/2014,1,906.12,5/15/2015,4000
Condominium,6/2/2014,1,2576.8,5/18/2015,13656.29
Single Family,1/5/2015,1,933.11,5/19/2015,1000
Duplex,7/14/2014,1,865.85,5/19/2015,5500
Duplex,6/2/2014,1,1054.51,5/19/2015,5025
Single Family,9/15/2014,1,4644.32,5/19/2015,4650
Single Family,11/11/2014,1,1089.57,5/19/2015,3000
Single Family,7/14/2014,1,302.05,5/21/2015,1
Single Family,12/17/2012,1,4855.73,5/22/2015,1000
Duplex,7/28/2008,1,7954.48,5/26/2015,1000
Single Family,9/15/2014,1,6321.93,5/27/2015,3500
Duplex,7/9/2012,1,11928.4,5/27/2015,3000
Single Family,7/14/2014,1,496.64,5/29/2015,57015
Duplex,11/11/2014,1,501.27,5/29/2015,1000
Single Family,7/14/2014,1,1393.33,5/29/2015,35000
Single Family,11/11/2014,1,89.2,5/29/2015,1000
Duplex,7/26/2010,1,5883.57,5/29/2015,1
Single Family,9/15/2014,1,536.21,5/29/2015,5000
Duplex,7/14/2014,1,1084.52,5/29/2015,3550
Single Family,11/11/2014,1,48.94,5/29/2015,1000
Single Family,9/15/2014,1,1661.8,6/2/2015,1000
Single Family,7/14/2014,1,1017.39,6/2/2015,1
Single Family,7/14/2014,1,234.27,6/2/2015,6400
Single Family,11/11/2014,1,100.47,6/2/2015,1
Single Family,7/9/2012,1,5042.34,6/3/2015,5500
Single Family,1/5/2015,1,450.36,6/3/2015,6000
Single Family,10/14/2013,1,3057.36,6/3/2015,9400
Single Family,1/5/2015,1,550.75,6/3/2015,7500
Single Family,9/15/2014,1,1771.37,6/3/2015,6750
Duplex,1/5/2015,1,152.78,6/5/2015,1000
Tavern/Apts,6/29/2011,1,4295.49,6/5/2015,5000
Single Family,1/5/2015,1,183.39,6/5/2015,7800
Single Family,10/14/2013,1,7588.102,6/5/2015,14000
Single Family,6/2/2014,1,696.51,6/5/2015,1
Duplex,8/16/2013,1,2453.8,6/8/2015,12900
Duplex,6/2/2014,1,1470.47,6/8/2015,2500
Duplex,1/5/2015,1,373.03,6/9/2015,3900
Single Family,1/5/2015,1,338.01,6/9/2015,5500
Single Family,6/11/2010,1,1255.79,6/10/2015,22000
Single Family,11/11/2014,1,2171.17,6/10/2015,6825
Duplex,9/15/2014,1,1540.69,6/12/2015,2500
Single Family,7/14/2014,1,603.4,6/12/2015,1200
Single Family,8/16/2013,1,5338.99,6/12/2015,7500
Single Family,6/2/2014,1,7646.37,6/12/2015,5025
Single Family,1/5/2015,1,91.71,6/15/2015,48600
Duplex,9/15/2014,1,5235.5,6/15/2015,3800
Single Family,8/16/2013,1,2561.37,6/15/2015,2500
Single Family,10/14/2013,1,5936.46,6/15/2015,1
Duplex,7/14/2014,1,434.24,6/17/2015,10000
Duplex,1/5/2015,1,550.38,6/17/2015,6000
Duplex,10/14/2013,1,1243.21,6/17/2015,8600
Single Family,1/5/2015,1,1734.92,6/17/2015,6150
Single Family,10/14/2013,1,3100.09,6/17/2015,3000
Single Family,11/11/2014,1,2429.09,6/17/2015,1
Single Family,1/5/2015,1,60.05,6/18/2015,15000
Single Family,11/11/2014,1,2373.53,6/18/2015,11000
Single Family,11/11/2014,1,118.33,6/19/2015,1000
Multi-Family,11/11/2014,1,100.5,6/22/2015,1000
Condominium,7/14/2014,1,3529.95,6/22/2015,7056.55
Single Family,1/5/2015,1,2057.82,6/24/2015,22000
Single Family,12/17/2012,1,2210.36,6/24/2015,2500
Single Family,6/2/2014,1,687.25,6/26/2015,15000
Day Care Center,7/20/2009,1,9612.64,6/26/2015,20000
Warehouse,10/14/2013,1,324.14,6/26/2015,20000
Single Family,10/14/2013,1,3019.53,6/29/2015,34500
Single Family,6/2/2014,1,6362.72,6/29/2015,8000
Duplex,7/14/2014,1,597.69,6/29/2015,2625
Store - Apts,10/14/2013,1,170.39,6/29/2015,11500
Duplex,1/5/2015,1,119.64,6/29/2015,16100
Duplex,1/5/2015,1,260.59,6/30/2015,14815.29
Duplex,12/2/2013,1,2057.44,6/30/2015,3600
Single Family,12/2/2013,1,1514.52,6/30/2015,27000
Duplex,12/2/2013,1,6283.57,7/1/2015,1000
Single Family,6/2/2014,1,580.62,7/2/2015,3008
Condominium,7/26/2010,1,15590.64,7/2/2015,4698.68
Single Family,9/15/2014,1,1480.29,7/6/2015,5000
Single Family,10/14/2013,1,588.33,7/6/2015,5000
Single Family,1/5/2015,1,574.73,7/6/2015,5000
Single Family,1/5/2015,1,227.36,7/6/2015,5000
Single Family,1/5/2015,1,61.59,7/7/2015,5000
Church & Single Family,7/20/2009,1,5754.43,7/8/2015,30000
Commercial Mixed-Use,8/16/2013,1,1223.52,7/8/2015,50000
Single Family,11/11/2014,1,6080.88,7/8/2015,5300
Duplex,6/2/2014,1,3942.66,7/9/2015,21000
Duplex,7/14/2014,1,2135.174,7/9/2015,14400
Single Family,11/11/2014,1,81.61,7/10/2015,1000
Single Family,7/14/2014,1,349.58,7/10/2015,1
Single Family,11/11/2014,1,1147.05,7/10/2015,1
Duplex,7/14/2014,1,1820.34,7/10/2015,1
Single Family,7/14/2014,1,1056.11,7/13/2015,1
Duplex,9/15/2014,1,389.43,7/15/2015,2500
Duplex,7/14/2014,1,879.56,7/16/2015,5300
Single Family,1/5/2015,1,1730.02,7/16/2015,3000
Single Family,7/14/2014,1,964.41,7/20/2015,4000
Single Family,7/26/2010,1,4796.4211,7/22/2015,2500
Duplex,9/15/2014,1,1060.02,7/22/2015,4600
Duplex,11/11/2014,1,4029.92,7/22/2015,1000
Single Family,1/5/2015,1,92.33,7/22/2015,14300
Duplex,7/14/2014,1,973.3,7/23/2015,5700
Restaurant,10/14/2013,1,2464.57,7/23/2015,35000
Single Family,1/5/2015,1,647.05,7/23/2015,5500
Duplex,7/26/2010,1,16488.89,7/23/2015,7000
Duplex,7/14/2014,1,5754.49,7/23/2015,7400
Single Family,1/5/2015,1,632.79,7/23/2015,6000
Single Family,11/11/2014,1,40.49,7/23/2015,1000
Single Family,9/15/2014,1,106.73,7/23/2015,3975
Duplex,1/5/2015,1,37.2,7/27/2015,1000
Duplex,1/5/2015,1,686.35,7/27/2015,3360
Single Family,11/11/2014,1,1975.18,7/27/2015,6450
Duplex & Single Family,6/2/2014,1,3171.88,7/28/2015,46000
Single Family,10/8/2012,1,4846.89,7/28/2015,10500
Single Family,1/5/2015,1,886.68,7/28/2015,3500
Duplex,12/17/2012,1,8018.63,7/29/2015,1
Single Family,10/14/2013,1,2780.99,7/29/2015,30750
Single Family,1/5/2015,1,245.66,7/30/2015,1000
Com/Res,11/11/2014,1,931.55,7/30/2015,1000
Duplex,1/5/2015,1,1236.15,7/30/2015,3750
Duplex,1/5/2015,1,1060.69,7/30/2015,3000
Single Family,9/15/2014,1,1553.52,7/30/2015,1
Single Family,12/2/2013,1,560.87,7/30/2015,4125
Single Family,11/11/2014,1,2348.05,8/5/2015,14250
Single Family,1/5/2015,1,332,8/5/2015,7000
Duplex,9/15/2014,1,1184.89,8/5/2015,3750
Duplex,1/5/2015,1,2459.46,8/5/2015,2500
Duplex,1/5/2015,1,1711.18,8/6/2015,1000
Com/Res,7/28/2008,1,1361.42,8/6/2015,10000
Duplex,9/15/2014,1,1977.75,8/10/2015,3550
Single Family,7/9/2012,1,7814.64,8/10/2015,2850
Single Family,10/8/2012,1,4214.82,8/10/2015,6750
Duplex,11/11/2014,1,2444.9,8/10/2015,13500
Condominium,7/14/2014,1,3014.04,8/10/2015,1134.84
Single Family,1/5/2015,1,1024.57,8/12/2015,1
Single Family,12/2/2013,1,2185.92,8/12/2015,1
Single Family,12/2/2013,1,889.86,8/12/2015,6750
Medical Office,3/1/2010,1,209.25,8/13/2015,7500
Duplex,7/14/2014,1,542.53,8/13/2015,2500
Restaurant,7/9/2012,1,2514.08,8/13/2015,12000
Single Family,9/15/2014,1,59.29,8/13/2015,2500
Single Family,8/16/2013,1,2966.2,8/19/2015,2500
Single Family,1/5/2015,1,486.31,8/19/2015,2500
Single Family,1/5/2015,1,68.66,8/19/2015,2500
Single Family,10/14/2013,1,5023.09,8/19/2015,7500
Single Family,7/26/2010,1,8787.95,8/19/2015,9300
Single Family,8/16/2013,1,2592.05,8/20/2015,12000
Duplex & Single Family,12/17/2012,1,2509.34,8/20/2015,4000
Single Family,10/14/2013,1,1502.5,8/20/2015,2500
Duplex,7/9/2012,1,6911.76,8/20/2015,2800
Single Family,9/15/2014,1,358.54,8/24/2015,2625
Multi-Family,6/29/2011,1,1670.65,8/24/2015,2500
Duplex,6/2/2014,1,2923.77,8/26/2015,3450
Single Family - 2,10/8/2012,1,3486.84,8/26/2015,2500
Single Family,12/17/2012,1,1837.74,8/26/2015,4000
Single Family,9/15/2014,1,1048.75,8/26/2015,3360
Multi-Family,1/5/2015,1,282.33,8/27/2015,7500
Duplex,1/5/2015,1,1640.86,8/27/2015,5250
Duplex,6/2/2014,1,2980.72,8/27/2015,10125
Duplex,1/5/2015,1,2548.94,8/27/2015,2500
Duplex,7/14/2014,1,2230.72,8/27/2015,25000
Single Family,1/5/2015,1,923.6,8/31/2015,8450
Duplex,6/2/2014,1,2123.25,9/1/2015,25300
Duplex,6/2/2014,1,5644.48,9/2/2015,1
Duplex,6/2/2014,1,1069.72,9/2/2015,6075
Single Family,6/8/2015,1,136.47,9/2/2015,1000
Single Family,10/14/2013,1,531.794,9/3/2015,6500
Single Family,10/14/2013,1,513.8,9/3/2015,8925
Single Family,10/14/2013,1,364.43,9/4/2015,2590
Duplex,11/11/2014,1,644.66,9/10/2015,2500
Duplex,12/2/2013,1,1137.45,9/10/2015,2850
Single Family,1/5/2015,1,208.57,9/10/2015,7500
Single Family,11/11/2014,1,860.35,9/11/2015,1
Single Family,6/2/2014,1,992.42,9/14/2015,1
Duplex - 2,7/14/2014,1,1009188.25,9/14/2015,1000
Single Family,1/5/2015,1,24812.66,9/14/2015,1000
Single Family,1/5/2015,1,1455.94,9/16/2015,2925
Duplex,6/2/2014,1,470.86,9/16/2015,1
Single Family,1/5/2015,1,250.18,9/16/2015,7500
Condominium,1/5/2015,1,2232.65,9/16/2015,11355
Multi-Family,8/16/2013,1,752.9,9/17/2015,2500
Single Family,10/14/2013,1,1397.61,9/18/2015,3750
Multi-Family,10/8/2012,1,2541.63,9/21/2015,2500
Single Family,8/16/2013,1,1702.34,9/22/2015,7500
Duplex,6/8/2015,1,127.92,9/23/2015,1000
Duplex,1/5/2015,1,7153.79,9/23/2015,4500
Duplex,10/14/2013,1,2063.84,9/23/2015,15055
Duplex,6/8/2015,1,738.61,9/24/2015,13100
Duplex,9/15/2014,1,2238.65,9/24/2015,1
Duplex,8/16/2013,1,9146.97,9/25/2015,5625
Duplex,6/8/2015,1,901.92,9/28/2015,15000
Duplex,11/11/2014,1,1578.66,9/28/2015,23000
Duplex,1/5/2015,1,1964.58,9/28/2015,12000
Single Family,12/2/2013,1,3130.78,9/28/2015,6300
Single Family,10/14/2013,1,308.77,9/29/2015,1875
Single Family,9/15/2014,1,586.35,9/29/2015,4000
Duplex,12/2/2013,1,3512.6,9/29/2015,15750
Single Family,1/5/2015,1,594.31,9/29/2015,22500
Single Family,1/5/2015,1,530.63,9/30/2015,16000
Duplex,11/11/2014,1,478.24,9/30/2015,1000
Single Family,6/8/2015,1,151.17,10/1/2015,23000
Duplex,1/5/2015,1,740.57,10/1/2015,1
Single Family,12/2/2013,1,251.69,10/1/2015,2500
Duplex,6/8/2015,1,995.74,10/1/2015,1000
Single Family,9/15/2014,1,459.86,10/1/2015,3750
Duplex,1/5/2015,1,428.81,10/1/2015,2800
Duplex,6/8/2015,1,493.51,10/5/2015,9300
Single Family,6/8/2015,1,457.72,10/5/2015,1000
Single Family,6/8/2015,1,57.66,10/5/2015,1000
Single Family,6/8/2015,1,1306.04,10/5/2015,1000
Single Family,7/13/2015,1,40.25,10/5/2015,1000
Child Day Care,8/16/2013,1,2272.04,10/6/2015,18000
Day Care Center,11/14/2011,1,906.57,10/6/2015,18000
Restaurant,12/2/2013,1,452.9,10/6/2015,9000
Single Family,8/16/2013,1,2504.83,10/8/2015,1
Single Family - 2,1/5/2015,1,303.97,10/8/2015,1000
Single Family,7/14/2014,1,3612.25,10/8/2015,7500
Single Family,12/2/2013,1,4090.16,10/9/2015,1
Single Family,1/5/2015,1,190.9,10/12/2015,1000
Duplex,11/11/2014,1,4510.14,10/12/2015,6001
Duplex,7/14/2014,1,1109415.06,10/13/2015,14400
Single Family,11/11/2014,1,1091.55,10/14/2015,5000
Single Family,11/11/2014,1,1814.34,10/14/2015,5000
Duplex,12/2/2013,1,3053.605,10/14/2015,2500
Duplex,7/14/2014,1,733.53,10/14/2015,3500
Single Family,9/15/2014,1,933.81,10/14/2015,5000
Single Family,1/5/2015,1,1466.78,10/14/2015,20000
Single Family,9/15/2014,1,1560.18,10/14/2015,5000
Single Family,11/11/2014,1,2047.24,10/14/2015,5000
Single Family,10/14/2013,1,1687.78,10/15/2015,3750
Single Family - 2,7/14/2014,1,99.73,10/15/2015,5000
Single Family,10/8/2012,1,827.67,10/15/2015,2500
Duplex,11/11/2014,1,3446.36,10/15/2015,5000
Single Family,1/5/2015,1,1367.83,10/15/2015,5000
Single Family,11/11/2014,1,1185.04,10/15/2015,5000
Duplex,6/8/2015,1,160.61,10/19/2015,19915.54
Single Family,1/5/2015,1,6360.12,10/19/2015,3000
Duplex,7/26/2010,1,9387.55,10/19/2015,1000
Single Family,7/13/2015,1,66.75,10/19/2015,8668.51
Condominium,6/8/2015,1,1490.55,10/19/2015,5000
Single Family,1/5/2015,1,1847.07,10/20/2015,30000
Single Family,1/5/2015,1,1160.49,10/20/2015,23200
Duplex,11/11/2014,1,599.62,10/21/2015,2500
Single Family,6/2/2014,1,869.99,10/21/2015,2500
Single Family,1/5/2015,1,87.79,10/21/2015,3350
Single Family,1/5/2015,1,1286.24,10/21/2015,5000
Duplex,7/14/2014,1,1394.43,10/22/2015,5700
Duplex,1/5/2015,1,1673.87,10/22/2015,1
Single Family,6/2/2014,1,637.41,10/22/2015,1
Single Family,10/14/2013,1,281.06,10/23/2015,15000
Single Family,9/15/2014,1,5825.06,10/28/2015,1
Duplex,10/14/2013,1,1400.28,10/28/2015,2500
Duplex,7/14/2014,1,180.72,10/28/2015,2500
Duplex,7/14/2014,1,123.19,10/29/2015,4000
Duplex,6/8/2015,1,633.84,10/29/2015,1000
Duplex & Single Family,1/5/2015,1,2165.12,10/29/2015,11250
Single Family,7/14/2014,1,9799.44,11/2/2015,1000
Single Family,1/5/2015,1,386.23,11/2/2015,19500
Duplex,6/8/2015,1,236.69,11/4/2015,31200
Com/Res,7/26/2010,1,2971.14,11/4/2015,3000
Duplex,12/2/2013,1,2275.05,11/4/2015,3375
Duplex,1/5/2015,1,861.97,11/5/2015,2500
Condominium,6/8/2015,1,1940.73,11/5/2015,20000
Duplex,8/16/2013,1,1222.94,11/9/2015,4500
Duplex,6/8/2015,1,1765.1,11/9/2015,15500
Single Family,6/2/2014,1,1320.97,11/9/2015,5000
Duplex,11/11/2014,1,322.32,11/9/2015,3500
Single Family,7/14/2014,1,1469.84,11/9/2015,5000
Duplex,11/11/2014,1,3378.03,11/9/2015,4100
Duplex,6/8/2015,1,1275.98,11/9/2015,17000
Single Family,1/5/2015,1,888.37,11/9/2015,5000
Single Family,7/13/2015,1,872.44,11/10/2015,6399.07
Duplex,6/8/2015,1,845.6,11/11/2015,34500
Single Family,1/5/2015,1,1105.12,11/12/2015,11250
Duplex,12/2/2013,1,935.56,11/13/2015,1
Duplex,6/8/2015,1,2813.77,11/13/2015,20000
Duplex,6/2/2014,1,5725.09,11/13/2015,2500
Duplex,6/8/2015,1,644.45,11/13/2015,3790
Single Family,7/14/2014,1,1.00E+13,11/16/2015,2625
Single Family,7/13/2015,1,992.41,11/16/2015,1000
Single Family,7/13/2015,1,828.44,11/16/2015,1000
Single Family,6/8/2015,1,514.26,11/17/2015,3100
Duplex,8/16/2013,1,1540.73,11/18/2015,2500
Single Family,10/14/2013,1,771.72,11/18/2015,2500
Duplex,9/14/2015,1,290.75,11/19/2015,11857.06
Duplex,1/5/2015,1,2494.04,11/19/2015,3000
Duplex,6/8/2015,1,1757.5,11/19/2015,3000
Com/Res,11/14/2011,1,2711.77,11/19/2015,7000
Duplex,7/28/2008,1,678.06,11/20/2015,6000
Single Family,7/28/2008,1,1327.28,11/20/2015,6750
Store - Apts,7/9/2012,1,1007539.55,11/20/2015,54100
Single Family,12/17/2012,1,3301.46,11/23/2015,7000
Single Family,6/8/2015,1,818.4,11/23/2015,1000
Single Family,6/8/2015,1,813.93,11/24/2015,7875
Single Family,6/8/2015,1,1222.91,11/24/2015,1000
Single Family,6/8/2015,1,434.62,11/25/2015,43000
Duplex,9/15/2014,1,1233.57,11/25/2015,5000
Duplex,6/8/2015,1,1526.71,12/1/2015,10100
Duplex,6/8/2015,1,1928.04,12/1/2015,9525
Duplex,11/11/2014,1,1920.03,12/1/2015,2500
Duplex,10/14/2013,1,1963.65,12/1/2015,2500
Single Family,12/2/2013,1,1768.62,12/1/2015,18750
Single Family,12/17/2012,1,1847.58,12/1/2015,2500
Single Family,9/14/2015,1,31.74,12/2/2015,6974.77
Single Family,6/8/2015,1,3429.57,12/2/2015,3500
Single Family,7/13/2015,1,91.36,12/2/2015,1000
Single Family,7/13/2015,1,170.5,12/2/2015,1000
Single Family,9/14/2015,1,18.6,12/2/2015,1000
Single Family,7/13/2015,1,175.36,12/2/2015,1000
Single Family,6/8/2015,1,616.86,12/4/2015,3000
Duplex,10/14/2013,1,4062.65,12/8/2015,5200
Single Family,9/14/2015,1,44.5,12/8/2015,1000
Single Family,6/2/2014,1,1239.51,12/8/2015,3000
Single Family,6/8/2015,1,163.29,12/8/2015,1000
Single Family,1/5/2015,1,2546.39,12/8/2015,18750
Single Family,7/13/2015,1,600.13,12/8/2015,1000
Duplex,6/8/2015,1,415.02,12/9/2015,3675
Single Family,6/8/2015,1,726.24,12/9/2015,2500
Single Family,1/5/2015,1,5891.63,12/10/2015,8000
Single Family,11/11/2014,1,3079.2,12/10/2015,2500
Duplex,6/8/2015,1,557.5,12/11/2015,10000
Duplex,6/8/2015,1,3196.44,12/11/2015,15000
Single Family,6/8/2015,1,828.8,12/15/2015,5000
Duplex,11/11/2014,1,694.93,12/17/2015,27000
Duplex,7/13/2015,1,713.88,12/17/2015,2900
Single Family,7/13/2015,1,316.66,12/22/2015,3500
Duplex,1/5/2015,1,2274.39,12/30/2015,3000
Duplex,10/8/2012,1,3248.76,12/30/2015,1
Duplex,7/9/2012,1,1636.32,12/30/2015,1
Multi-Family,6/2/2014,1,762.98,12/30/2015,1
Duplex,7/13/2015,1,198.19,12/30/2015,1
Duplex,10/14/2013,1,257.926,12/30/2015,1
Duplex,12/2/2013,1,1098.64,12/30/2015,1
Duplex,8/16/2013,1,2557,12/30/2015,1
Multi-Family,6/2/2014,1,224.97,12/30/2015,1
Single Family,10/8/2012,1,2120.9,12/30/2015,1
Single Family,10/8/2012,1,1532.29,12/30/2015,1
Single Family,7/20/2009,1,2494.96,12/30/2015,1
Duplex,6/2/2014,1,499.48,12/30/2015,1
Single Family,10/14/2013,1,2636.28,12/30/2015,1
Single Family,3/1/2010,1,1174.12,12/30/2015,1
Duplex,6/8/2015,1,209.53,12/30/2015,1
Duplex,12/17/2012,1,1082.14,12/30/2015,1
Duplex,7/11/2016,1,157.64,12/28/2016,10013.79
Duplex,7/11/2016,1,3390.69,12/28/2016,10512.39
Single Family,7/11/2016,1,205.37,12/28/2016,15037.38
Duplex,1/4/2016,1,1604.69,12/28/2016,2500
Single Family,1/4/2016,1,1371.37,12/28/2016,2500
Single Family,7/14/2014,1,1376.73,12/27/2016,32000
Single Family,1/4/2016,1,2979.85,12/21/2016,2500
Single Family,9/14/2015,1,70.39,12/21/2016,2500
Duplex,6/13/2016,1,939.13,12/21/2016,56239.24
Single Family,12/2/2013,1,1484.684,12/21/2016,2600
Single Family,10/8/2012,1,1964.57,12/21/2016,2500
Single Family,11/16/2015,1,1617.23,12/21/2016,3000
Single Family,12/17/2012,1,1358.47,12/21/2016,2500
Single Family,7/9/2012,1,13871.47,12/21/2016,3750
Single Family,7/13/2015,1,317.16,12/21/2016,2500
Condominium,6/13/2016,1,1713.39,12/21/2016,10076.35
Single Family,7/13/2015,1,794.95,12/20/2016,10000
Single Family,9/14/2015,1,1434.37,12/20/2016,21100
Duplex,9/15/2014,1,1342.07,12/15/2016,3800
Duplex,6/13/2016,1,590.93,12/15/2016,28000
Single Family,7/11/2016,1,1768.32,12/15/2016,7500
Single Family,11/16/2015,1,1376.38,12/14/2016,3750
Single Family,6/13/2016,1,288.11,12/14/2016,73100
Single Family,1/5/2015,1,2751.437,12/14/2016,3000
Single Family,7/9/2012,1,8218.66,12/14/2016,8475
Single Family,12/2/2013,1,485.21,12/14/2016,3000
Single Family,6/13/2016,1,1975.51,12/14/2016,3400
Single Family - 2,6/8/2015,1,2970.51,12/14/2016,5000
Single Family,6/8/2015,1,272.41,12/13/2016,2500
Single Family,11/16/2015,1,243.09,12/8/2016,26730
Duplex & Single Family - 2,1/4/2016,1,729.43,12/8/2016,22425
Duplex,6/13/2016,1,1707.58,12/8/2016,9375
Single Family,6/13/2016,1,152.16,12/8/2016,1000
Single Family,6/13/2016,1,316.7,12/8/2016,14625
Duplex,6/13/2016,1,147.13,12/7/2016,5000
Duplex,6/8/2015,1,169.21,12/7/2016,5000
Duplex,11/11/2014,1,688.72,12/7/2016,2500
Duplex,6/13/2016,1,511.67,12/7/2016,5000
Single Family,11/16/2015,1,5736.02,12/7/2016,5000
Single Family,6/13/2016,1,441.55,11/30/2016,60100
Single Family,6/13/2016,1,1163.94,11/30/2016,50000
Single Family,6/13/2016,1,457.75,11/29/2016,58500
Single Family,1/4/2016,1,154.1,11/29/2016,14000
Single Family,1/4/2016,1,3042.19,11/23/2016,5000
Duplex,7/13/2015,1,2688.72,11/23/2016,3200
Duplex,12/2/2013,1,1792.41,11/23/2016,5000
Single Family,1/4/2016,1,1717.24,11/23/2016,5000
Duplex,7/13/2015,1,3225.5,11/23/2016,15000
Single Family,1/4/2016,1,3146.59,11/23/2016,5000
Single Family,1/4/2016,1,4095.25,11/23/2016,5000
Duplex,6/13/2016,1,349.49,11/22/2016,98150
Multi-Family,1/4/2016,1,2853.1,11/22/2016,10000
Single Family,9/14/2015,1,2041.29,11/22/2016,3000
Duplex,7/13/2015,1,3728.68,11/22/2016,3800
Single Family,6/13/2016,1,955.54,11/22/2016,8500
Single Family,11/16/2015,1,789.3,11/22/2016,21000
Single Family,9/15/2014,1,3465.86,11/22/2016,11250
Single Family,1/4/2016,1,400.05,11/21/2016,6750
Single Family,6/13/2016,1,1076.69,11/17/2016,5250
Duplex,9/14/2015,1,8809.04,11/17/2016,2925
Single Family,6/13/2016,1,420.53,11/16/2016,100000
Duplex,6/13/2016,1,2412.78,11/16/2016,4200
Duplex,6/13/2016,1,733.71,11/16/2016,3500
Single Family,11/16/2015,1,3116.85,11/16/2016,4580
Duplex,6/13/2016,1,3731.86,11/15/2016,12000
Duplex,6/13/2016,1,2032.58,11/15/2016,16500
Single Family,9/14/2015,1,2273.8,11/15/2016,16500
Com/Res,11/11/2014,1,1687.59,11/10/2016,30000
Duplex,11/16/2015,1,216.04,11/10/2016,5007
Duplex,8/16/2013,1,1334.99,11/9/2016,7500
Duplex,1/5/2015,1,1659.49,11/9/2016,1000
Single Family,6/8/2015,1,7482.16,11/9/2016,6800
Duplex,6/13/2016,1,891.54,11/9/2016,11105
Multi-Family,6/13/2016,1,2869.24,11/8/2016,13600
Duplex,1/4/2016,1,2033.28,11/8/2016,4000
Single Family,1/4/2016,1,3348.39,11/3/2016,5000
Duplex,11/16/2015,1,2625.45,11/2/2016,2500
Duplex,7/13/2015,1,6606.54,11/2/2016,1
Single Family,1/4/2016,1,3550.6,11/1/2016,24500
Com/Res,12/17/2012,1,3836.91,10/27/2016,20000
Single Family,11/16/2015,1,1619.49,10/27/2016,90000
Duplex,1/4/2016,1,724,10/27/2016,2500
Single Family,7/13/2015,1,2739.37,10/27/2016,3500
Duplex,7/13/2015,1,1721.45,10/27/2016,7800
Single Family,9/14/2015,1,414.24,10/27/2016,6000
Condominium,1/4/2016,1,2684.59,10/27/2016,1000
Single Family,1/5/2015,1,1739.24,10/26/2016,10000
Duplex,7/13/2015,1,2427.39,10/25/2016,85000
Single Family,12/17/2012,1,1833.26,10/25/2016,1
Single Family,9/15/2014,1,203.29,10/25/2016,1
Single Family,7/13/2015,1,226.01,10/21/2016,14250
Single Family,1/4/2016,1,2526.83,10/20/2016,5440
Duplex,7/13/2015,1,461.48,10/20/2016,2700
Single Family,1/4/2016,1,5738.41,10/20/2016,36000
Single Family,11/16/2015,1,2717.56,10/19/2016,3500
Duplex,9/14/2015,1,190.55,10/18/2016,5000
Single Family,6/8/2015,1,350.59,10/13/2016,5000
Duplex,1/4/2016,1,1655.97,10/13/2016,2625
Single Family,11/11/2014,1,3174.23,10/13/2016,45000
Single Family,1/4/2016,1,261.35,10/13/2016,6000
Duplex,9/14/2015,1,2093.3,10/12/2016,8437.5
Single Family,1/4/2016,1,1754.9,10/11/2016,3600
Duplex,6/8/2015,1,1695.9,10/11/2016,1000
Single Family,1/4/2016,1,1189.34,10/5/2016,11000
Duplex,7/13/2015,1,1959.57,10/5/2016,3000
Duplex & Single Family,12/17/2012,1,1464.67,10/4/2016,25000
Single Family,7/13/2015,1,1877.15,10/4/2016,20000
Single Family,11/16/2015,1,1677.66,10/4/2016,6000
Single Family,7/13/2015,1,160.2,10/4/2016,3000
Plumbing/Heating Contr.,7/20/2009,1,1066.07,10/3/2016,10501
Single Family,7/13/2015,1,6238.74,9/29/2016,4100
Duplex,1/4/2016,1,3804.21,9/29/2016,7350
Single Family,1/4/2016,1,447.52,9/29/2016,18750
Single Family,10/14/2013,1,4866.85,9/28/2016,2500
Duplex,1/4/2016,1,1395.14,9/28/2016,7125
Single Family,11/16/2015,1,2806.24,9/28/2016,27000
Tavern/Apts,10/8/2012,1,1864.47,9/27/2016,18750
Duplex,1/5/2015,1,5662.46,9/27/2016,5000
Duplex,1/4/2016,1,224.09,9/27/2016,2500
Single Family,1/5/2015,1,1196.86,9/27/2016,1
Single Family,9/14/2015,1,3283.72,9/22/2016,2500
Single Family,7/13/2015,1,1383.23,9/22/2016,5000
Single Family,1/4/2016,1,2065.67,9/22/2016,5000
Duplex,7/13/2015,1,2291.66,9/22/2016,5000
Multi-Family,11/11/2014,1,2249.12,9/22/2016,5000
Single Family,1/4/2016,1,2283.72,9/22/2016,40000
Single Family,9/14/2015,1,186.24,9/22/2016,5000
Single Family,11/16/2015,1,2354.64,9/21/2016,4500
Single Family,1/4/2016,1,779.52,9/21/2016,3000
Duplex,7/13/2015,1,884.96,9/21/2016,2500
Duplex,6/8/2015,1,4109.76,9/21/2016,22000
Single Family,1/4/2016,1,5175.1,9/21/2016,3750
Duplex,1/4/2016,1,2862.79,9/20/2016,3750
Single Family - 2,1/4/2016,1,1501.73,9/20/2016,7500
Duplex,6/8/2015,1,471.94,9/15/2016,7500
Single Family,1/4/2016,1,870.34,9/15/2016,7725
Single Family,9/15/2014,1,2886.66,9/13/2016,1
Duplex,1/4/2016,1,3832.78,9/13/2016,5000
Duplex,6/8/2015,1,2063.87,9/13/2016,25000
Duplex,11/16/2015,1,144.87,9/8/2016,6000
Single Family,7/13/2015,1,1496.42,9/8/2016,3000
Single Family,6/8/2015,1,1665.46,9/7/2016,13200
Single Family,1/4/2016,1,203.39,9/7/2016,12150
Single Family,11/16/2015,1,230.18,9/7/2016,5100
Single Family,9/14/2015,1,1087.79,9/1/2016,5000
Single Family,9/14/2015,1,932.77,9/1/2016,25350
Single Family,7/13/2015,1,1200.73,9/1/2016,5000
Single Family,6/8/2015,1,797.34,9/1/2016,5000
Single Family,11/11/2014,1,7317.81,9/1/2016,5000
Single Family,1/4/2016,1,1923.57,9/1/2016,5000
Duplex,11/16/2015,1,2000.02,8/31/2016,5000
Single Family,1/4/2016,1,1173.23,8/31/2016,6800
Duplex,1/4/2016,1,679.47,8/31/2016,5000
Duplex,1/4/2016,1,350.04,8/31/2016,5000
Single Family,1/4/2016,1,837.42,8/31/2016,5000
Single Family,12/17/2012,1,20280.84,8/31/2016,1000
Single Family,1/4/2016,1,1033.93,8/31/2016,5000
Duplex,1/4/2016,1,2629.52,8/30/2016,6151
Duplex,1/4/2016,1,4878.59,8/30/2016,6000
Duplex,1/4/2016,1,2198.89,8/30/2016,17500
Single Family,1/4/2016,1,674.15,8/30/2016,15500
Condominium,11/16/2015,1,3997.17,8/30/2016,18000
Duplex,9/14/2015,1,1632.07,8/25/2016,18000
Single Family,7/13/2015,1,427.65,8/25/2016,2500
Single Family,1/4/2016,1,4920.28,8/24/2016,3750
Duplex,7/14/2014,1,1222.75,8/24/2016,1
Duplex,8/16/2013,1,10821.11,8/24/2016,1
Single Family,9/15/2014,1,2477.06,8/24/2016,1
Single Family,9/15/2014,1,943.422,8/24/2016,1
Duplex,12/2/2013,1,2327.98,8/23/2016,1000
Duplex,6/2/2014,1,3438.54,8/23/2016,3750
Single Family,6/8/2015,1,1106.7,8/23/2016,2600
Single Family,1/4/2016,1,205.75,8/23/2016,6007
Single Family,1/4/2016,1,661.72,8/23/2016,5550
Duplex,1/4/2016,1,104.85,8/23/2016,2500
Single Family,1/4/2016,1,396.53,8/23/2016,1000
Restaurant,6/2/2014,1,3826.2,8/19/2016,100000
Single Family,1/4/2016,1,232.46,8/18/2016,15375
Single Family,11/16/2015,1,224.32,8/18/2016,40000
Duplex,1/4/2016,1,1031.95,8/18/2016,16100
Duplex,6/2/2014,1,17976.46,8/18/2016,20000
Single Family,1/4/2016,1,1965.97,8/18/2016,15000
Single Family,6/8/2015,1,1672.16,8/16/2016,3500
Single Family,9/14/2015,1,2951.72,8/16/2016,3001
Duplex,1/4/2016,1,823.87,8/16/2016,65000
Single Family,1/4/2016,1,677.86,8/16/2016,13620
Single Family,11/16/2015,1,615.1,8/16/2016,3000
Single Family,1/4/2016,1,135.83,8/11/2016,4100
Single Family,1/4/2016,1,799.96,8/11/2016,11000
Duplex,1/4/2016,1,1683.55,8/10/2016,7700
Single Family,10/8/2012,1,14620.92,8/10/2016,6000
Duplex,1/30/2012,1,11309.94,8/9/2016,15000
Duplex,1/4/2016,1,2429.42,8/9/2016,2500
Single Family,7/13/2015,1,411.4,8/9/2016,7500
Duplex,6/8/2015,1,1345.48,8/4/2016,30000
Single Family,1/4/2016,1,138.15,8/4/2016,2500
Single Family,1/4/2016,1,981.063,8/4/2016,19500
Duplex & Single Family,7/13/2015,1,1746.04,8/3/2016,5000
Duplex,1/4/2016,1,853.67,8/3/2016,6075
Duplex,12/2/2013,1,9190.295,8/3/2016,2500
Duplex,11/16/2015,1,827.1,8/3/2016,13350
Single Family,1/4/2016,1,150.3,8/3/2016,6308
Duplex,7/13/2015,1,1724.52,7/28/2016,1000
Single Family,11/16/2015,1,1795.01,7/28/2016,5000
Duplex,9/14/2015,1,867.19,7/28/2016,3150
Duplex,9/15/2014,1,4011.24,7/28/2016,5000
Duplex,10/8/2012,1,4451.98,7/28/2016,5000
Single Family,11/16/2015,1,527.59,7/28/2016,5000
Single Family,11/16/2015,1,966.7,7/28/2016,1000
Single Family,1/4/2016,1,1571.38,7/28/2016,25000
Single Family,9/14/2015,1,97.44,7/28/2016,5000
Com/Res,6/8/2015,1,691.57,7/27/2016,18900
Duplex,1/4/2016,1,1186.3,7/27/2016,3000
Duplex,1/4/2016,1,1152.46,7/26/2016,50000
Single Family,1/4/2016,1,1069.99,7/26/2016,21000
Single Family,1/4/2016,1,6866.56,7/26/2016,36000
Single Family,7/13/2015,1,8704.02,7/26/2016,8100
Duplex,1/5/2015,1,1280.87,7/26/2016,20000
Single Family,1/4/2016,1,2183.89,7/26/2016,33000
Single Family,1/4/2016,1,1275.72,7/26/2016,2500
Single Family,1/4/2016,1,4682.09,7/21/2016,26510
Duplex,9/14/2015,1,554.66,7/20/2016,6000
Duplex,7/13/2015,1,4482.93,7/20/2016,6750
Retail/Residential,7/20/2009,1,3906.13,7/20/2016,15000
Single Family,9/14/2015,1,712.64,7/20/2016,7200
Single Family,9/14/2015,1,1383.56,7/20/2016,6000
Single Family,1/4/2016,1,943.97,7/19/2016,1000
Duplex,11/16/2015,1,1525.32,7/14/2016,3000
Single Family,6/2/2014,1,1743.68,7/14/2016,13500
Single Family,7/13/2015,1,847.53,7/13/2016,5000
Single Family,1/4/2016,1,1902.02,7/12/2016,10425
Single Family,11/16/2015,1,727.62,7/12/2016,12000
Duplex,11/11/2014,1,2176.95,7/12/2016,2500
Duplex,1/4/2016,1,2389.97,7/12/2016,15000
Single Family,11/16/2015,1,700.66,7/12/2016,2500
Duplex,7/13/2015,1,1308.84,7/12/2016,9000
Office/Apartments,7/26/2010,1,3691.04,7/11/2016,15000
Church,11/14/2011,1,3100.33,7/8/2016,7500
Duplex,1/4/2016,1,3924.8,7/7/2016,2500
Single Family,11/16/2015,1,467.45,7/7/2016,4000
Single Family,7/20/2009,1,2843.57,7/7/2016,1000
Duplex,11/16/2015,1,743.98,7/7/2016,2800
Duplex,1/4/2016,1,2811.2,7/7/2016,33306.36
Duplex,10/14/2013,1,15380.21,7/6/2016,1
Single Family,11/16/2015,1,1386.38,7/6/2016,15000
Duplex,12/2/2013,1,302.08,7/6/2016,2500
Duplex,7/9/2012,1,4956.04,7/6/2016,17201
Duplex,9/14/2015,1,3501.61,7/6/2016,20000
Single Family,11/16/2015,1,2096.26,7/1/2016,42000
Church,6/2/2014,1,775.17,6/30/2016,5000
Duplex,1/4/2016,1,2577.41,6/30/2016,1000
Duplex,7/13/2015,1,155.65,6/30/2016,2500
Single Family,11/16/2015,1,687.29,6/30/2016,14400
Duplex,1/5/2015,1,4103.72,6/29/2016,2500
Single Family,8/16/2013,1,1396.8,6/29/2016,7125
Com/Res,1/5/2015,1,309.44,6/28/2016,5000
Duplex,11/16/2015,1,1402.35,6/28/2016,12000
Duplex,11/16/2015,1,1873.76,6/24/2016,7500
Single Family,7/13/2015,1,1023.84,6/24/2016,5000
Single Family,9/14/2015,1,5821.345,6/23/2016,2500
Duplex,6/2/2014,1,1013.45,6/23/2016,2500
Duplex,11/16/2015,1,2380.15,6/22/2016,4500
Duplex,11/16/2015,1,1325.41,6/22/2016,6000
Single Family,7/13/2015,1,778.97,6/22/2016,20775
Single Family,11/11/2014,1,3631.62,6/21/2016,5000
Duplex,11/16/2015,1,1669.09,6/21/2016,5000
Single Family,11/16/2015,1,659.93,6/21/2016,4000
Duplex,11/11/2014,1,1106.25,6/16/2016,5000
Duplex,9/14/2015,1,1867.71,6/16/2016,4600
Single Family,6/8/2015,1,535.68,6/16/2016,2500
Duplex,11/16/2015,1,1835.27,6/16/2016,3000
Single Family,11/16/2015,1,266.131,6/16/2016,5000
Single Family,6/2/2014,1,2326.26,6/15/2016,59000
Duplex,11/16/2015,1,5253.48,6/15/2016,3000
Duplex,11/16/2015,1,2556.37,6/15/2016,5000
Single Family,6/2/2014,1,2873.82,6/15/2016,1000
Single Family,11/16/2015,1,690.77,6/15/2016,5000
Single Family,1/5/2015,1,2564.69,6/14/2016,2250
Single Family,9/14/2015,1,1023.95,6/14/2016,26250
Duplex,9/16/2011,1,1839.844,6/14/2016,1000
Duplex,9/14/2015,1,2016.57,6/14/2016,1000
Single Family,6/8/2015,1,1061.41,6/14/2016,8900
Duplex,7/13/2015,1,1711.76,6/9/2016,5000
Duplex,9/14/2015,1,1207.84,6/9/2016,1000
Duplex,11/16/2015,1,1901.94,6/9/2016,4000
Single Family,6/8/2015,1,2319.25,6/9/2016,1000
Single Family,11/16/2015,1,252.29,6/9/2016,5000
Single Family,7/13/2015,1,369.91,6/8/2016,5000
Single Family,6/8/2015,1,1629.25,6/8/2016,5000
Single Family,6/8/2015,1,3343.25,6/8/2016,8750
Duplex,8/16/2013,1,841.85,6/8/2016,5000
Duplex,11/16/2015,1,4372.06,6/7/2016,3800
Single Family,6/8/2015,1,5631.02,6/7/2016,9000
Duplex,11/16/2015,1,905.02,6/2/2016,4000
Duplex,11/16/2015,1,1422.7,6/2/2016,6500
Single Family,7/13/2015,1,1703.21,6/2/2016,5000
Duplex,7/13/2015,1,176.93,6/2/2016,3750
Single Family,11/16/2015,1,1501.69,6/2/2016,11300
Single Family,9/15/2014,1,2884.86,6/2/2016,5000
Single Family,9/14/2015,1,1013.9,6/2/2016,5000
Single Family,7/13/2015,1,2153.19,6/1/2016,24000
Single Family,11/16/2015,1,2008.2,6/1/2016,2500
Single Family,7/13/2015,1,1261.96,6/1/2016,22500
Condominium,11/16/2015,1,1557.17,6/1/2016,3525
Single Family,9/14/2015,1,435.353,5/26/2016,3750
Duplex,11/16/2015,1,1619.47,5/26/2016,5100
Single Family,7/13/2015,1,810.03,5/26/2016,32000
Duplex,11/16/2015,1,2001.26,5/24/2016,8000
Duplex,11/16/2015,1,1989.64,5/24/2016,5100
Duplex,9/14/2015,1,1232.78,5/19/2016,3750
Duplex,9/14/2015,1,63.73,5/19/2016,4500
Single Family,1/5/2015,1,349.77,5/18/2016,42000
Duplex,9/14/2015,1,929.79,5/18/2016,7500
Single Family,11/16/2015,1,1910.55,5/18/2016,12000
Single Family,1/4/2016,1,313.95,5/17/2016,14710.47
Duplex,7/13/2015,1,1162.09,5/17/2016,3000
Duplex,1/5/2015,1,436.66,5/17/2016,2900
Single Family,6/8/2015,1,508.88,5/17/2016,3000
Single Family,7/13/2015,1,1339,5/17/2016,20000
Single Family,1/30/2012,1,482.87,5/12/2016,13300
Com/Res,11/14/2011,1,3527.87,5/12/2016,13300
Multi-Family & Duplex,9/14/2015,1,3760.45,5/12/2016,44000
Single Family,6/8/2015,1,190.82,5/12/2016,1000
Single Family,9/14/2015,1,1135.842,5/12/2016,4000
Single Family,11/16/2015,1,909.88,5/12/2016,1000
Single Family,10/8/2012,1,6794.85,5/12/2016,5000
Single Family,9/14/2015,1,1672.45,5/12/2016,5000
Single Family,11/16/2015,1,728.44,5/11/2016,20077
Single Family,11/16/2015,1,728.22,5/10/2016,89945
Duplex,7/13/2015,1,1194.41,5/10/2016,3000
Single Family,7/13/2015,1,757.131,5/10/2016,5625
Single Family,11/16/2015,1,2216.16,5/5/2016,1000
Single Family,7/14/2014,1,4683.88,5/5/2016,9000
Duplex,9/14/2015,1,2336.22,5/5/2016,5600
Duplex,6/8/2015,1,1687.57,5/4/2016,3750
Multi-Family,12/2/2013,1,975.23,5/4/2016,1875
Duplex,11/11/2014,1,2058.17,5/4/2016,2475
Single Family,7/13/2015,1,556.53,5/4/2016,2800
Single Family,12/2/2013,1,2677.3,5/4/2016,5850
Single Family,8/16/2013,1,8088.93,5/4/2016,18500
Single Family,11/16/2015,1,1290.101,5/4/2016,1
Duplex,6/8/2015,1,1044.33,5/3/2016,16000
Duplex,11/16/2015,1,656.95,5/3/2016,6000
Com/Res,7/14/2014,1,2213.21,5/3/2016,20000
Duplex & Single Family,6/8/2015,1,4337.2,5/3/2016,5100
Condominium,9/14/2015,1,3938.03,5/3/2016,16000
Tavern,7/20/2009,1,313.87,4/29/2016,7500
Duplex - 2,6/8/2015,1,7522.77,4/28/2016,5550
Commercial,6/29/2011,1,21869.25,4/28/2016,30000
Single Family,9/14/2015,1,699.13,4/28/2016,3000
Single Family,6/8/2015,1,2452.97,4/28/2016,14550
Duplex,7/13/2015,1,1762.97,4/28/2016,7500
Single Family,11/16/2015,1,1449.92,4/27/2016,4000
Single Family,8/16/2013,1,3817.18,4/27/2016,2625
Duplex,7/13/2015,1,986.37,4/26/2016,2500
Single Family,10/14/2013,1,1492.71,4/26/2016,1000
Single Family,9/14/2015,1,2792.18,4/26/2016,1000
Single Family,7/13/2015,1,3062.46,4/26/2016,27000
Duplex,7/13/2015,1,3262.69,4/26/2016,1000
Single Family,6/8/2015,1,11450.83,4/22/2016,4000
Single Family,7/13/2015,1,1698.68,4/21/2016,5625
Duplex,9/14/2015,1,1357.75,4/20/2016,2500
Single Family,9/14/2015,1,331.51,4/20/2016,12750
Single Family,11/16/2015,1,833.2,4/20/2016,4000
Duplex,9/14/2015,1,2399.21,4/19/2016,35000
Single Family,9/14/2015,1,2690.81,4/19/2016,7000
Single Family,7/9/2012,1,6258.18,4/19/2016,1000
Duplex,7/14/2014,1,6015.7,4/14/2016,1000
Multi-Family,7/13/2015,1,878.46,4/14/2016,12500
Restaurant,12/2/2013,1,4115.28,4/14/2016,60000
Single Family,9/14/2015,1,539.36,4/14/2016,15750
Single Family,9/14/2015,1,501.79,4/14/2016,3200
Duplex,7/13/2015,1,1933.17,4/13/2016,5000
Single Family,11/16/2015,1,332.1,4/13/2016,25000
Duplex,7/13/2015,1,504.24,4/13/2016,5000
Duplex,6/8/2015,1,893.83,4/13/2016,5000
Single Family,7/13/2015,1,3083.65,4/13/2016,5000
Single Family,7/13/2015,1,380.46,4/13/2016,7500
Duplex,9/14/2015,1,1079.71,4/12/2016,8100
Single Family,9/14/2015,1,1918.71,4/12/2016,3000
Single Family,9/14/2015,1,279.61,4/12/2016,11275
Single Family,9/14/2015,1,329.39,4/12/2016,2500
Single Family,11/16/2015,1,1588.97,4/12/2016,14500
Single Family,6/8/2015,1,1686.44,4/7/2016,27750
Duplex,10/8/2012,1,5908.4,4/7/2016,6000
Condominium,11/16/2015,1,1185.54,4/7/2016,15168.66
Multi-Family,11/11/2014,1,309.82,4/5/2016,1000
Single Family,11/11/2014,1,4297.64,4/5/2016,2500
Duplex,9/15/2014,1,1718.91,3/31/2016,13125
Single Family,1/4/2016,1,67.41,3/31/2016,1000
Duplex,11/16/2015,1,534.54,3/30/2016,6000
Single Family,9/14/2015,1,2633.91,3/30/2016,3000
Duplex,11/16/2015,1,608.81,3/29/2016,109000
Duplex,9/14/2015,1,1058.55,3/29/2016,2500
Single Family,1/5/2015,1,1205.87,3/24/2016,1000
Single Family,11/16/2015,1,484.37,3/24/2016,26100
Duplex,7/13/2015,1,593.04,3/23/2016,4000
Single Family,7/13/2015,1,463.86,3/23/2016,3000
Single Family,9/14/2015,1,4064.82,3/23/2016,20250
Duplex,9/14/2015,1,2134.12,3/22/2016,70700
Single Family,9/14/2015,1,3016.72,3/22/2016,7500
Duplex,9/14/2015,1,567.82,3/22/2016,20300
Duplex,9/14/2015,1,901.39,3/17/2016,2650
Single Family,9/16/2011,1,15844.98,3/17/2016,2500
Duplex,7/13/2015,1,270.72,3/17/2016,25000
Single Family,7/13/2015,1,312.93,3/16/2016,2500
Duplex,7/13/2015,1,1754.92,3/15/2016,17000
Condominium,7/13/2015,1,1312.59,3/15/2016,1000
Duplex,1/5/2015,1,4757.27,3/10/2016,1000
Single Family,8/16/2013,1,10796.43,3/10/2016,1000
Single Family,9/14/2015,1,740.1,3/10/2016,3900
Single Family,11/16/2015,1,387.71,3/10/2016,15916.83
Single Family,2/14/2011,1,2010.94,3/10/2016,20475
Single Family,7/13/2015,1,1420.22,3/10/2016,3800
Multi-Family,9/14/2015,1,416.44,3/9/2016,3000
Duplex,1/5/2015,1,3192.12,3/9/2016,6750
Single Family,7/13/2015,1,162.98,3/8/2016,22575
Duplex,7/13/2015,1,3102.21,3/8/2016,3000
Single Family,6/8/2015,1,221.6,3/8/2016,1000
Duplex,7/13/2015,1,1088.64,3/3/2016,4600
Duplex & Single Family,7/26/2010,1,14825.28,3/3/2016,1
Single Family,7/13/2015,1,1895.23,3/3/2016,3000
Duplex,6/8/2015,1,3540.82,3/3/2016,9450
Multi-Family,7/13/2015,1,1630.74,3/3/2016,4500
Single Family,7/13/2015,1,1614.27,3/3/2016,5000
Duplex,6/2/2014,1,6439.22,3/2/2016,1
Single Family,7/13/2015,1,863.57,3/1/2016,13000
Single Family,6/8/2015,1,863.6,3/1/2016,16300
Duplex,11/11/2014,1,1839.62,2/25/2016,1000
Single Family,12/17/2012,1,3521.48,2/25/2016,1
Single Family,10/8/2012,1,2012.74,2/24/2016,8500
Single Family,6/8/2015,1,335.15,2/24/2016,1000
Single Family,6/8/2015,1,1809.6,2/24/2016,3800
Duplex,11/11/2014,1,1986.14,2/23/2016,1000
Duplex,6/8/2015,1,957.31,2/23/2016,2775
Duplex,7/13/2015,1,883.47,2/23/2016,3000
Single Family,7/13/2015,1,1077.1,2/23/2016,6278
Duplex,7/13/2015,1,2238.29,2/17/2016,1000
Multi-Family,6/2/2014,1,1012.41,2/16/2016,1
Single Family,7/13/2015,1,399.22,2/16/2016,3001
Duplex,7/13/2015,1,1460.33,2/16/2016,3000
Single Family,7/13/2015,1,1859.12,2/16/2016,1000
Duplex,6/8/2015,1,1962.29,2/16/2016,8625
Duplex,7/14/2014,1,9092.89,2/16/2016,27500
Single Family,6/8/2015,1,340.34,2/11/2016,15000
Single Family,7/13/2015,1,1933.05,2/11/2016,10000
Single Family,12/17/2012,1,6953.54,2/11/2016,18600
Condominium,6/8/2015,1,1935.08,2/11/2016,5820.41
Multi-Family,7/13/2015,1,4206.73,2/10/2016,35700
Multi-Family,7/13/2015,1,3541.48,2/10/2016,5500
Single Family,6/8/2015,1,157.16,2/9/2016,1000
Single Family,6/8/2015,1,73.76,2/9/2016,1000
Single Family,6/8/2015,1,1098.54,2/9/2016,1000
Single Family,9/14/2015,1,159.66,2/9/2016,1000
Duplex,6/8/2015,1,204.66,2/9/2016,1000
Duplex,12/17/2012,1,6977.86,2/9/2016,1
Single Family,7/20/2009,1,5529.39,2/9/2016,1
Com/Res,7/14/2014,1,2902.71,2/5/2016,18000
Duplex,7/14/2014,1,957.81,2/5/2016,9450
Multi-Family,7/13/2015,1,1045.61,2/4/2016,8775
Single Family,6/8/2015,1,635.19,2/4/2016,3750
Single Family,6/8/2015,1,1103.99,2/4/2016,1000
Single Family,7/9/2012,1,9323.6,2/3/2016,1
Duplex,9/14/2015,1,198.61,2/3/2016,9000
Duplex,7/14/2014,1,1421.96,2/3/2016,20000
Single Family,10/14/2013,1,535.49,2/3/2016,2500
Single Family,12/17/2012,1,5711.15,2/3/2016,11500
Com/Res,7/14/2014,1,4478.77,2/2/2016,20000
Duplex,6/2/2014,1,3582.94,2/2/2016,3000
Duplex,7/14/2014,1,587.06,2/2/2016,3750
Duplex,7/9/2012,1,1854.07,2/2/2016,2500
Duplex,6/8/2015,1,2960.8,2/2/2016,5600
Duplex,7/13/2015,1,585.84,2/2/2016,17625
Single Family,6/8/2015,1,1115.72,1/28/2016,1000
Single Family,9/14/2015,1,230.91,1/28/2016,1000
Duplex,7/13/2015,1,639.63,1/27/2016,10500
Single Family,10/14/2013,1,2814.81,1/27/2016,1
Day Care Center,11/11/2014,1,1683.87,1/27/2016,4000.08
Com/Res,7/14/2014,1,411.86,1/26/2016,69950
Single Family,6/8/2015,1,1048.2,1/26/2016,3000
Duplex,12/2/2013,1,4527.5,1/26/2016,1
Multi-Family,1/5/2015,1,640.45,1/25/2016,3150
Condominium,11/11/2014,1,3142.35,1/21/2016,10567.74
Single Family,7/13/2015,1,467.78,1/20/2016,20000
Single Family,7/13/2015,1,689.37,1/20/2016,3000
Single Family,7/13/2015,1,256.45,1/19/2016,12450
Single Family,7/25/2017,1,85.74,1/18/2016,3300
Multi-Family,7/9/2012,1,9846.64,1/13/2016,11250
Single Family,7/7/2014,1,4828.03,1/13/2016,5000
Single Family,12/17/2012,1,2116.82,1/13/2016,5000
Single Family,6/8/2015,1,341.97,1/13/2016,5000
Single Family,6/8/2015,1,547.55,1/13/2016,5000
Single Family,6/2/2014,1,15902.23,1/13/2016,5000
Single Family,8/16/2013,1,619.19,1/13/2016,2500
Single Family,6/8/2015,1,334,1/13/2016,5000
Single Family,7/13/2015,1,2152.04,1/12/2016,7650
Single Family,6/8/2015,1,190.18,1/12/2016,3525
Duplex,7/14/2014,1,3462.183,1/12/2016,3840
Duplex,7/13/2015,1,783.11,1/8/2016,10125
Single Family,9/15/2014,1,1372.6,1/8/2016,1
Single Family,7/14/2014,1,1476.32,1/7/2016,3501
Duplex,6/8/2015,1,302.97,1/7/2016,2500
Duplex,7/13/2015,1,985.67,1/7/2016,3920
Duplex,12/17/2012,1,17367.39,12/28/2017,4650
Single Family,11/7/2017,1,111.5,12/28/2017,8419.9
Single Family,6/7/2017,1,8101.24,12/27/2017,3750
Single Family,6/7/2017,1,2585.84,12/27/2017,4500
Single Family,7/25/2017,1,1991.18,12/26/2017,8025
Duplex,10/31/2016,1,469.74,12/26/2017,5325
Duplex,9/14/2015,1,1081.25,12/21/2017,23000
Single Family,9/14/2015,1,682.85,12/21/2017,3000
Duplex,7/11/2016,1,510.89,12/21/2017,2500
Single Family,12/12/2016,1,3619.07,12/21/2017,4725
Single Family,7/25/2017,1,338.27,12/20/2017,18100
Single Family,7/25/2017,1,318.92,12/19/2017,5400
Duplex,10/31/2016,1,1952.51,12/19/2017,5300
Single Family,7/25/2017,1,4963.06,12/18/2017,1000
Single Family,6/13/2016,1,1438.93,12/18/2017,11100
Single Family,6/7/2017,1,1424.02,12/18/2017,1
Single Family,7/25/2017,1,247.58,12/18/2017,1
Duplex,1/5/2015,1,3614.94,12/14/2017,4575
Single Family,7/11/2016,1,114.63,12/14/2017,2500
Duplex,7/25/2017,1,210.6,12/14/2017,26000
Single Family,6/7/2017,1,365.96,12/12/2017,14500
Condominium,11/16/2015,1,7842.1,12/11/2017,75260.61
Duplex,7/25/2017,1,109.12,12/7/2017,7000
Single Family,6/7/2017,1,231.31,12/7/2017,3600
Single Family,6/7/2017,1,2653.32,12/7/2017,7500
Duplex,9/8/2016,1,5560.14,12/6/2017,3750
Duplex,6/7/2017,1,1392.31,12/6/2017,5200
Single Family,10/31/2016,1,2477.09,12/5/2017,1000
Duplex,6/7/2017,1,3305.33,12/1/2017,15000
Single Family,6/7/2017,1,3562.94,11/30/2017,6375
Duplex,1/4/2016,1,889.81,11/30/2017,2500
Single Family,11/16/2015,1,1340.45,11/30/2017,5800
Single Family,6/7/2017,1,28.9,11/30/2017,5000
Single Family,10/31/2016,1,23.7,11/30/2017,5000
Single Family,6/8/2015,1,7203.37,11/30/2017,5000
Single Family,12/12/2016,1,4814.84,11/30/2017,5000
Single Family,6/7/2017,1,397.44,11/29/2017,18700
Single Family,9/8/2016,1,108.72,11/29/2017,2500
Duplex,7/11/2016,1,1764.96,11/21/2017,2500
Single Family,10/31/2016,1,4296.68,11/21/2017,13002
Duplex,6/7/2017,1,305.25,11/18/2017,16000
Single Family,6/7/2017,1,287.13,11/17/2017,13500
Duplex,6/7/2017,1,920.04,11/16/2017,5100
Duplex,6/13/2016,1,728.31,11/16/2017,4500
Single Family,6/7/2017,1,818.88,11/16/2017,5250
Single Family,6/7/2017,1,1634.25,11/16/2017,11500
Single Family,9/8/2016,1,726.08,11/15/2017,2500
Duplex,6/7/2017,1,42.84,11/15/2017,10000
Duplex,12/12/2016,1,166.53,11/13/2017,5475
Duplex,12/12/2016,1,2286.75,11/13/2017,20000
Single Family,11/21/2016,1,3816.2,11/13/2017,40000
Duplex,7/25/2017,1,2570.95,11/9/2017,12000
Single Family,7/11/2016,1,509.25,11/8/2017,4200
Duplex,12/12/2016,1,426.27,11/8/2017,1
Duplex,10/31/2016,1,2262.39,11/7/2017,5175
Single Family,10/31/2016,1,2004.24,11/7/2017,1
Single Family,6/7/2017,1,943.81,11/7/2017,1
Duplex,12/12/2016,1,1952.98,11/7/2017,32000
Duplex,7/28/2008,1,1053.03,11/6/2017,5000
Single Family,7/11/2016,1,1025.57,11/6/2017,1000
Duplex,6/7/2017,1,916.79,11/2/2017,3750
Single Family,10/31/2016,1,217.58,11/2/2017,2500
Single Family,7/11/2016,1,86.83,11/1/2017,1
Duplex,10/31/2016,1,6565.02,11/1/2017,1
Single Family,9/14/2015,1,2574.18,11/1/2017,1
Duplex,7/25/2017,1,105.85,11/1/2017,1
Single Family,1/4/2016,1,2304.42,11/1/2017,1
Duplex,1/5/2015,1,562.75,10/31/2017,3400
Duplex,6/7/2017,1,231.53,10/31/2017,19044
Duplex,10/31/2016,1,3787.84,10/30/2017,25000
Duplex,6/7/2017,1,38.84,10/26/2017,4500
Single Family,12/12/2016,1,27.04,10/25/2017,10500
Duplex,12/12/2016,1,2541.8,10/24/2017,3500
Com/Res,9/15/2014,1,159.48,10/23/2017,1000
Single Family,12/12/2016,1,3055.36,10/23/2017,3300
Single Family,6/7/2017,1,7904.89,10/23/2017,25100
Single Family,9/8/2016,1,2769.22,10/18/2017,12250
Duplex,9/8/2016,1,4152.64,10/17/2017,40000
Single Family,7/11/2016,1,222.23,10/17/2017,1
Duplex,7/11/2016,1,5715.32,10/16/2017,2001
Duplex,6/7/2017,1,1151.67,10/12/2017,21000
Single Family,12/12/2016,1,1618.4,10/12/2017,39000
Duplex,9/8/2016,1,2686.28,10/11/2017,6675
Duplex,10/31/2016,1,1461.34,10/11/2017,5000
Single Family,9/8/2016,1,2990.72,10/10/2017,1000
Single Family,11/16/2015,1,1834.06,10/10/2017,2600
Duplex,6/8/2015,1,2546.32,10/5/2017,10750
Duplex,9/14/2015,1,62.72,10/4/2017,4400
Duplex,11/16/2015,1,1288.71,10/3/2017,1
Duplex,1/4/2016,1,890.8,10/3/2017,1
Duplex,6/8/2015,1,1442.71,10/3/2017,1
Duplex,9/14/2015,1,1252.77,10/3/2017,1
Single Family,10/8/2012,1,3616.85,10/3/2017,1
Single Family,11/16/2015,1,554.98,10/3/2017,1
Single Family,9/14/2015,1,237.78,10/3/2017,1
Duplex,11/16/2015,1,1808.84,10/3/2017,1
Single Family,9/15/2014,1,1168.82,10/3/2017,1
Single Family,7/13/2015,1,200.27,10/3/2017,1
Single Family,11/16/2015,1,729.11,10/3/2017,1
Single Family,6/8/2015,1,1455.25,10/3/2017,1
Single Family,7/26/2010,1,3102.41,10/3/2017,1
Single Family,6/13/2016,1,893.86,10/3/2017,1
Duplex,11/16/2015,1,1987.55,10/3/2017,1
Single Family,7/26/2010,1,1091.42,10/3/2017,1
Duplex,11/11/2014,1,1211.46,10/3/2017,1
Single Family,12/2/2013,1,3438.3,10/3/2017,1
Duplex,1/4/2016,1,2967.06,10/3/2017,1
Duplex,11/16/2015,1,1249.28,10/3/2017,1
Duplex,9/14/2015,1,210.11,10/3/2017,1
Single Family,11/16/2015,1,1032.04,10/3/2017,1
Single Family,1/4/2016,1,312.34,10/3/2017,1
Duplex,9/15/2014,1,1651.34,10/3/2017,1
Duplex,11/16/2015,1,626.4,10/3/2017,1
Single Family,7/11/2016,1,253.95,10/3/2017,1
Single Family,6/13/2016,1,1161.82,10/3/2017,1
Single Family,7/11/2016,1,62.36,10/3/2017,1
Single Family,1/4/2016,1,529.3,10/3/2017,1
Single Family,7/11/2016,1,50.2,10/3/2017,1
Single Family,6/13/2016,1,1051.79,10/3/2017,1
Single Family,11/16/2015,1,1068.92,10/3/2017,1
Duplex,10/31/2016,1,1714.41,10/3/2017,2500
Single Family,11/16/2015,1,441.41,10/3/2017,1
Single Family,7/9/2012,1,3266.44,10/3/2017,1
Single Family,12/12/2016,1,1229.36,10/2/2017,1
Duplex,10/14/2013,1,1568.81,9/28/2017,3000
Duplex,12/12/2016,1,1452.45,9/28/2017,5360
Duplex,9/8/2016,1,90.84,9/28/2017,4800
Single Family,10/31/2016,1,3988.53,9/27/2017,1
Single Family,10/31/2016,1,2162.86,9/27/2017,2500
Duplex,10/31/2016,1,3703.2,9/27/2017,1
Duplex,6/7/2017,1,2875.59,9/27/2017,1
Duplex,9/8/2016,1,882.32,9/27/2017,1
Single Family,7/14/2014,1,1423.65,9/27/2017,1
Multi-Family,7/13/2015,1,223.85,9/27/2017,7500
Single Family,7/9/2012,1,9684.29,9/25/2017,15000
Single Family,10/31/2016,1,572.83,9/25/2017,11300
Duplex,10/31/2016,1,5235.44,9/25/2017,6300
Single Family,12/12/2016,1,3332.28,9/20/2017,58700
Duplex,10/31/2016,1,586.77,9/20/2017,4200
Duplex,1/5/2015,1,11732.17,9/19/2017,12700
Duplex,1/5/2015,1,2847.69,9/12/2017,10700
Single Family,10/31/2016,1,1182.14,9/12/2017,24000
Condominium,1/4/2016,1,4765.15,9/12/2017,1126.54
Duplex,12/12/2016,1,5430.08,9/7/2017,12000
Duplex,9/8/2016,1,81.55,9/7/2017,1
Multi-Family,12/12/2016,1,3989.33,9/6/2017,52000
Duplex,10/31/2016,1,2061.08,9/6/2017,20000
Duplex,12/2/2013,1,11939.9,9/5/2017,1
Single Family,11/11/2014,1,8174.37,9/5/2017,1
Single Family,12/2/2013,1,6716.34,9/5/2017,1
Single Family,12/12/2016,1,1651.58,8/30/2017,5850
Single Family,12/12/2016,1,1252.51,8/30/2017,15000
Single Family,9/15/2014,1,3386.26,8/30/2017,19500
Duplex,10/31/2016,1,1208.88,8/29/2017,9900
Single Family,10/31/2016,1,2788.06,8/29/2017,22000
Multi-Family,10/14/2013,1,3036.46,8/28/2017,3000
Duplex,12/12/2016,1,2049.61,8/28/2017,1
Duplex,10/31/2016,1,2383.45,8/28/2017,8250
Single Family,12/12/2016,1,45.9,8/28/2017,5500
Single Family,10/31/2016,1,847.99,8/24/2017,1
Single Family,6/13/2016,1,2479.31,8/24/2017,3150
Duplex,10/31/2016,1,4227.23,8/24/2017,20000
Duplex,12/12/2016,1,4638.54,8/23/2017,6075
Duplex,12/12/2016,1,4568.01,8/23/2017,8500
Condominium,9/8/2016,1,5675.94,8/23/2017,20094.68
Duplex,10/31/2016,1,3130.93,8/22/2017,1
Duplex,6/13/2016,1,2431.69,8/21/2017,10000
Single Family,9/8/2016,1,1015.13,8/21/2017,8800
Single Family,12/12/2016,1,3676.79,8/17/2017,5901
Single Family,7/11/2016,1,1659.63,8/16/2017,27700
Condominium,10/31/2016,1,4120.3,8/16/2017,25192.48
Single Family,7/11/2016,1,565.05,8/15/2017,2500
Single Family,6/8/2015,1,1527.64,8/15/2017,16700
Single Family,12/12/2016,1,475.45,8/14/2017,3000
Duplex,11/11/2014,1,1003.45,8/11/2017,1
Single Family,10/31/2016,1,565.42,8/10/2017,2900
Duplex,7/11/2016,1,792.74,8/10/2017,2500
Duplex,9/8/2016,1,4717.77,8/9/2017,8000
Single Family,6/13/2016,1,4457.56,8/9/2017,1
Single Family,12/12/2016,1,2474.82,8/7/2017,6825
Single Family,1/4/2016,1,2044.68,8/7/2017,3750
Multi-Family,10/31/2016,1,1576.89,8/4/2017,3500
Single Family,12/12/2016,1,1120.2,8/4/2017,1
Single Family,1/4/2016,1,7820.3,8/4/2017,1
Single Family,12/2/2013,1,3075.93,8/3/2017,7875
Duplex,10/31/2016,1,5692.18,8/3/2017,12250
Single Family,8/16/2013,1,6223.63,8/3/2017,1
Condominium,10/31/2016,1,3359.19,8/3/2017,2962.05
Duplex,7/11/2016,1,2409.25,8/2/2017,9750
Duplex,9/8/2016,1,681.79,8/1/2017,2500
Single Family,11/16/2015,1,1269.62,7/31/2017,39000
Tavern,10/8/2012,1,5235.85,7/27/2017,8100
Duplex,10/8/2012,1,13888.49,7/27/2017,16000
Duplex,12/12/2016,1,300.65,7/26/2017,5500
Single Family,12/12/2016,1,705.58,7/26/2017,25500
Duplex,10/31/2016,1,5456.8,7/26/2017,15000
Single Family,10/31/2016,1,100.97,7/26/2017,15501
Single Family,12/12/2016,1,2704.9,7/24/2017,4125
Duplex,12/12/2016,1,923.01,7/24/2017,13700
Single Family,12/12/2016,1,126.13,7/20/2017,9000
Duplex,12/12/2016,1,3540.25,7/19/2017,5400
Single Family,10/31/2016,1,1309.39,7/19/2017,12750
Duplex,9/8/2016,1,2525.32,7/18/2017,1000
Commercial Mixed-Use,11/16/2015,1,102.85,7/18/2017,43000
Duplex,9/8/2016,1,5608.89,7/18/2017,7500
Single Family,12/12/2016,1,2111.97,7/17/2017,25100
Duplex,6/13/2016,1,2332.25,7/14/2017,1
Single Family,10/31/2016,1,2514.96,7/13/2017,91000
Duplex,9/16/2011,1,4098.47,7/13/2017,2500
Single Family,12/12/2016,1,902.72,7/13/2017,6375
Duplex,10/31/2016,1,2474.49,7/12/2017,8000
Duplex,12/12/2016,1,2582.02,7/12/2017,10000
Single Family,12/12/2016,1,820.1,7/12/2017,26000
Office Building,10/14/2013,1,443.69,7/10/2017,1
Single Family,11/11/2014,1,8143.74,7/6/2017,1
Single Family,10/31/2016,1,2221.08,7/6/2017,21150
Single Family,10/14/2013,1,4719.22,7/6/2017,1
Single Family,9/8/2016,1,2037.55,7/5/2017,10153
Single Family,10/31/2016,1,2051.02,7/5/2017,38000
Single Family,12/12/2016,1,4572.45,7/5/2017,15300
Restaurant,1/4/2016,1,9152.09,6/30/2017,38500
Single Family,10/31/2016,1,1550.08,6/29/2017,12000
Duplex,10/31/2016,1,2460.62,6/29/2017,16704.97
Condominium,10/31/2016,1,2862.19,6/29/2017,3958.88
Single Family,6/13/2016,1,5935.63,6/28/2017,23000
Duplex,12/12/2016,1,9295.73,6/28/2017,25800
Single Family,9/8/2016,1,2383.62,6/27/2017,8625
Duplex,9/8/2016,1,2024.09,6/27/2017,5250
Single Family,10/31/2016,1,2184.89,6/27/2017,9000
Single Family,6/8/2015,1,11911.016,6/26/2017,2001
Single Family,6/13/2016,1,1753,6/23/2017,1
Church,7/11/2016,1,1087.33,6/23/2017,10000
Duplex,10/14/2013,1,1157.68,6/23/2017,1
Duplex,6/8/2015,1,4522,6/23/2017,1
Duplex,9/8/2016,1,2083.17,6/23/2017,1
Single Family,1/4/2016,1,1528.42,6/23/2017,1
Single Family,6/13/2016,1,2365.08,6/20/2017,5250
Duplex,12/12/2016,1,1792.48,6/14/2017,7000
Single Family,9/8/2016,1,2152.15,6/13/2017,1000
Single Family,6/13/2016,1,1577.41,6/13/2017,2500
Single Family,6/2/2014,1,2218.62,6/12/2017,20000
Single Family,6/8/2015,1,302.47,6/12/2017,1
Duplex,11/16/2015,1,542.42,6/12/2017,1
Duplex,6/13/2016,1,259.4,6/12/2017,1
Single Family,7/11/2016,1,2622.33,6/12/2017,1
Single Family,6/2/2014,1,2462.44,6/12/2017,1
Single Family,6/13/2016,1,2617.59,6/12/2017,1
Com/Res,7/9/2012,1,2095.541,6/9/2017,15000
Duplex,7/13/2015,1,6945.14,6/8/2017,1000
Single Family,6/13/2016,1,1853.45,6/8/2017,16000
Multi-Family,6/13/2016,1,525.07,6/7/2017,7575
Duplex,10/31/2016,1,4929.34,6/7/2017,13000
Single Family,9/8/2016,1,1625.7,6/7/2017,3837
Single Family,10/31/2016,1,134.04,5/31/2017,4800
Single Family,6/13/2016,1,5151.8,5/31/2017,22500
Single Family,9/8/2016,1,516.12,5/31/2017,36225
Single Family,7/11/2016,1,258.1,5/30/2017,5000
Duplex,9/8/2016,1,2585.67,5/30/2017,32625
Duplex,9/8/2016,1,2979.18,5/30/2017,2625
Duplex,9/14/2015,1,2039.28,5/30/2017,2500
Single Family,9/8/2016,1,1369.32,5/30/2017,5000
Single Family,10/31/2016,1,2813.45,5/30/2017,5000
Single Family,10/31/2016,1,56.03,5/30/2017,5000
Duplex,9/8/2016,1,3052.95,5/30/2017,5000
Single Family,6/13/2016,1,233.53,5/25/2017,6100
Single Family,9/8/2016,1,263.95,5/24/2017,2500
Duplex,10/31/2016,1,2810.32,5/24/2017,19500
Duplex,10/31/2016,1,981.74,5/24/2017,7000
Duplex,1/4/2016,1,3848.12,5/24/2017,32500
Single Family,9/8/2016,1,193.74,5/23/2017,34000
Single Family,9/8/2016,1,610.54,5/23/2017,8000
Single Family - 4,10/31/2016,1,2633.96,5/23/2017,27000
Single Family,7/11/2016,1,4649.38,5/22/2017,32000
Duplex,9/8/2016,1,2719.79,5/19/2017,43500
Single Family - 2,9/8/2016,1,7433.82,5/18/2017,8000
Duplex,6/13/2016,1,361.65,5/18/2017,12000
Single Family,9/8/2016,1,777,5/18/2017,57000
Duplex,12/12/2016,1,975.79,5/16/2017,1
Single Family,9/8/2016,1,3844.01,5/16/2017,1
Single Family,7/13/2015,1,509.21,5/16/2017,1
Single Family,12/2/2013,1,575.87,5/16/2017,3000
Duplex,9/8/2016,1,2003.6,5/16/2017,1
Duplex,9/8/2016,1,1745.3,5/16/2017,1
Duplex,9/8/2016,1,11629.75,5/16/2017,1
Duplex,6/13/2016,1,2265.81,5/16/2017,1
Single Family,9/8/2016,1,800.47,5/16/2017,1
Single Family,7/11/2016,1,1136.76,5/16/2017,1
Single Family,7/11/2016,1,2704.62,5/16/2017,15000
Single Family,7/11/2016,1,379.79,5/16/2017,13900
Single Family,9/8/2016,1,1559.12,5/16/2017,15750
Duplex,9/8/2016,1,4864.17,5/15/2017,4000
Single Family,10/31/2016,1,3723.85,5/11/2017,28000
Duplex,10/31/2016,1,1626.36,5/11/2017,11200
Single Family,1/4/2016,1,248.33,5/11/2017,2500
Single Family,10/31/2016,1,2180.38,5/11/2017,5000
Duplex,9/8/2016,1,1948.75,5/10/2017,7000
Duplex,9/8/2016,1,5172.38,5/10/2017,4800
Duplex,9/8/2016,1,899.21,5/9/2017,72500
Single Family,10/31/2016,1,358.44,5/9/2017,13650
Condominium,12/12/2016,1,52.7,5/9/2017,6629.21
Single Family,10/31/2016,1,865.93,5/4/2017,39000
Duplex,6/13/2016,1,2666.34,5/4/2017,20000
Single Family,9/8/2016,1,1381.69,5/4/2017,4600
Duplex,7/11/2016,1,2233.93,5/4/2017,47000
Duplex,7/11/2016,1,588.21,5/3/2017,6000
Single Family,1/4/2016,1,6273.48,5/3/2017,12450
Duplex,1/4/2016,1,2321.31,5/3/2017,2500
Single Family,9/8/2016,1,1078.58,5/3/2017,2500
Single Family,9/8/2016,1,370.6,5/2/2017,8200
Single Family,10/31/2016,1,444.41,5/2/2017,3400
Single Family,7/26/2010,1,7243.27,5/2/2017,1
Duplex,9/8/2016,1,271.25,5/1/2017,10000
Duplex,10/31/2016,1,370.64,5/1/2017,9000
Duplex,9/8/2016,1,7825.45,5/1/2017,6000
Single Family,10/31/2016,1,3437.22,5/1/2017,5900
Multi-Family,7/14/2014,1,1278.47,4/27/2017,4500
Duplex,9/8/2016,1,422.81,4/26/2017,5300
Single Family,1/4/2016,1,3924.68,4/26/2017,5000
Single Family,6/13/2016,1,54.93,4/26/2017,1
Single Family,7/11/2016,1,2953.81,4/26/2017,1
Duplex,9/8/2016,1,1575.71,4/24/2017,10000
Duplex,9/8/2016,1,3990.8,4/20/2017,5500
Single Family,9/8/2016,1,597.29,4/20/2017,2625
Single Family,9/8/2016,1,785.25,4/20/2017,23000
Duplex,9/8/2016,1,184.88,4/20/2017,10000
Single Family,7/13/2015,1,2698.2,4/19/2017,11250
Duplex,9/8/2016,1,320.09,4/19/2017,5105
Duplex,9/8/2016,1,773.44,4/19/2017,2500
Multi-Family,6/13/2016,1,155.28,4/19/2017,16000
Duplex,9/8/2016,1,862.15,4/13/2017,4000
Single Family,9/8/2016,1,112.36,4/12/2017,4000
Single Family,6/13/2016,1,1184.34,4/6/2017,6700
Single Family,6/2/2014,1,19156.16,4/5/2017,1
Single Family,7/11/2016,1,352.86,4/5/2017,10600
Single Family,7/11/2016,1,310.83,4/4/2017,13200
Single Family,6/13/2016,1,2832.22,4/4/2017,16900
Multi-Family,9/15/2014,1,40047.57,3/31/2017,10000
Com/Res,6/8/2015,1,12780.43,3/31/2017,30000
Single Family,1/5/2015,1,545,3/29/2017,3500
Single Family,6/2/2014,1,683.31,3/28/2017,3000
Single Family,6/13/2016,1,2165.76,3/28/2017,9751
Single Family,1/4/2016,1,2214.17,3/28/2017,6825
Single Family,7/11/2016,1,1274.94,3/23/2017,8475
Single Family,6/13/2016,1,5200.64,3/22/2017,3100
Multi-Family,7/13/2015,1,505.53,3/17/2017,1000
Multi-Family,1/4/2016,1,910.26,3/17/2017,150000
Museum,7/18/2016,1,,3/16/2017,5
Duplex,6/13/2016,1,3857.02,3/16/2017,5100
Single Family,11/11/2014,1,1070.639,3/16/2017,1
Duplex,11/16/2015,1,2972.472,3/16/2017,3000
Single Family,7/9/2012,1,9146.93,3/16/2017,1
Com/Res,6/2/2014,1,1397.12,3/15/2017,7500
Duplex,7/11/2016,1,669.01,3/15/2017,27000
Single Family,7/11/2016,1,7086.11,3/9/2017,85500
Single Family,7/11/2016,1,937.74,3/9/2017,23300
Duplex,9/8/2016,1,113.318,3/9/2017,7000
Duplex,12/17/2012,1,1819.99,3/9/2017,5625
Duplex,10/14/2013,1,2446.25,3/9/2017,4200
Single Family,6/13/2016,1,471.66,3/9/2017,1000
Single Family,11/16/2015,1,9906.5,3/7/2017,1000
Duplex,11/16/2015,1,3502.23,3/7/2017,4000
Duplex,6/2/2014,1,8238.56,3/7/2017,26500
Duplex,1/5/2015,1,1196.36,3/7/2017,22000
Duplex,9/14/2015,1,385.15,3/2/2017,2500
Single Family,9/14/2015,1,1151.3,3/2/2017,1
Single Family,7/11/2016,1,122.69,3/2/2017,1
Duplex,6/13/2016,1,252.79,3/2/2017,16130
Duplex,6/13/2016,1,2181.17,3/1/2017,3105
Single Family,7/11/2016,1,1447.44,3/1/2017,15000
Church & Duplex,7/14/2014,1,4658.82,2/28/2017,6000
Single Family,7/11/2016,1,463.98,2/24/2017,21000
Duplex,1/5/2015,1,2985.01,2/23/2017,2500
Single Family,7/13/2015,1,4386.52,2/23/2017,8500
Single Family,7/11/2016,1,525.05,2/23/2017,3000
Duplex,11/16/2015,1,500.61,2/23/2017,2500
Single Family,7/11/2016,1,2326.65,2/23/2017,2813
Multi-Family,7/11/2016,1,4948.15,2/22/2017,12500
Multi-Family,9/14/2015,1,702.16,2/22/2017,3000
Single Family,7/11/2016,1,763.44,2/21/2017,3395
Single Family,9/8/2016,1,573.35,2/21/2017,7500
Single Family,9/8/2016,1,121.67,2/16/2017,11775
Duplex,6/13/2016,1,1196.28,2/15/2017,5700
Single Family,11/11/2014,1,760.16,2/15/2017,4000
Single Family,11/16/2015,1,992.29,2/14/2017,3000
Single Family,6/13/2016,1,1217.85,2/14/2017,1000
Single Family,1/4/2016,1,2441.71,2/10/2017,41250
Single Family,7/11/2016,1,4762.05,2/10/2017,38500
Single Family,7/11/2016,1,257.69,2/9/2017,4800
Single Family,1/4/2016,1,4575.96,2/9/2017,21100
Multi-Family,1/5/2015,1,3998.66,2/8/2017,25500
Single Family,6/13/2016,1,1312.27,2/8/2017,3500
Duplex,6/13/2016,1,2659.88,2/7/2017,4500
Single Family,11/11/2014,1,5870.93,2/3/2017,21800
Single Family,11/11/2014,1,960.81,2/2/2017,11000
Multi-Family,9/14/2015,1,182.34,2/2/2017,16000
Single Family,10/14/2013,1,474.68,2/2/2017,7425
Single Family,7/13/2015,1,2641.61,2/1/2017,35000
Single Family,7/11/2016,1,149.9,1/31/2017,7807.95
Single Family,8/16/2013,1,12749.12,1/31/2017,16000
Duplex,1/5/2015,1,5766.18,1/31/2017,3100
Duplex,11/16/2015,1,3801.88,1/31/2017,18000
Single Family,7/11/2016,1,849.48,1/25/2017,15000
Duplex,7/11/2016,1,1529.73,1/25/2017,6375
Single Family,6/13/2016,1,992.53,1/24/2017,1000
Duplex,12/17/2012,1,10431.88,1/23/2017,1000
Duplex,9/15/2014,1,3803.95,1/19/2017,2500
Single Family,6/13/2016,1,1069.21,1/19/2017,38700
Duplex,6/13/2016,1,436.71,1/18/2017,2001
Single Family,9/14/2015,1,1121.73,1/18/2017,2001
Single Family,7/11/2016,1,397.81,1/18/2017,1000
Single Family,6/8/2015,1,3010.86,1/13/2017,30555.75
Duplex,7/11/2016,1,2566.88,1/12/2017,7900
Single Family,12/17/2012,1,1771.02,1/12/2017,5000
Duplex,1/4/2016,1,1165.59,1/12/2017,5000
Single Family,7/11/2016,1,130.86,1/12/2017,5000
Single Family,11/11/2014,1,10041.26,1/12/2017,1
Single Family,9/14/2015,1,656.04,1/12/2017,1
Single Family,11/16/2015,1,341.96,1/12/2017,5000
Single Family,1/5/2015,1,1038.78,1/12/2017,5000
Duplex,6/13/2016,1,64.25,1/11/2017,11025
Single Family,12/17/2012,1,2372.82,1/10/2017,1
Duplex,9/14/2015,1,2182.76,1/10/2017,3200
School Site,7/18/2016,1,,1/6/2017,1
Day Care Center,1/4/2016,1,884.12,1/5/2017,7000
Single Family,7/14/2014,1,716.921,1/5/2017,16500
Duplex,6/13/2016,1,4767.96,1/5/2017,8000
Duplex,1/4/2016,1,1448.282,1/4/2017,1000
Single Family,7/13/2015,1,1352.33,1/4/2017,1000
Duplex,7/14/2014,1,6561.41,1/4/2017,1000
